Humidity3pm,Humidity9am,Sunshine,Cloud3pm,Pressure3pm,Temp3pm,Rainfall,WindGustSpeed,Location
98.0,100.0,,8.0,1005.4,11.5,8.8,41.0,Ballarat
73.0,73.0,,,1023.8,17.0,0.0,48.0,Walpole
25.0,45.0,11.1,0.0,1025.9,22.5,0.0,52.0,PerthAirport
40.0,48.0,,7.0,1009.8,24.3,0.0,44.0,Cobar
25.0,89.0,4.1,6.0,1001.0,27.4,0.0,72.0,Sale
56.0,100.0,,,1020.5,18.8,0.0,17.0,Richmond
33.0,78.0,,,1011.7,32.0,0.0,31.0,Launceston
55.0,100.0,,,1017.1,8.6,2.8,61.0,Ballarat
10.0,36.0,11.0,1.0,1019.2,30.9,0.0,30.0,Mildura
34.0,56.0,9.5,4.0,1009.7,30.7,0.0,61.0,Moree
88.0,70.0,5.0,8.0,1001.6,29.3,10.8,48.0,Cairns
40.0,68.0,,1.0,1019.5,17.8,0.0,44.0,Moree
53.0,63.0,,,1016.2,25.6,0.0,28.0,Witchcliffe
9.0,22.0,,7.0,1020.5,33.9,0.0,28.0,Cobar
35.0,51.0,10.0,3.0,1016.6,19.2,0.0,31.0,Cobar
62.0,64.0,,,1015.8,25.3,0.0,39.0,GoldCoast
48.0,68.0,,7.0,1017.8,15.0,0.0,28.0,Bendigo
73.0,56.0,,8.0,1007.7,21.7,0.0,56.0,Ballarat
,93.0,,,,,9.0,,Newcastle
53.0,62.0,10.8,3.0,1016.7,23.1,0.2,41.0,Sydney
68.0,99.0,,,1003.3,15.4,36.4,59.0,Walpole
47.0,68.0,7.7,3.0,1013.7,29.6,0.0,59.0,SydneyAirport
78.0,88.0,4.6,7.0,1014.2,25.6,1.0,44.0,NorfolkIsland
22.0,44.0,10.2,2.0,1015.5,25.0,0.0,24.0,Moree
51.0,60.0,6.7,6.0,1016.3,16.4,0.4,30.0,Melbourne
27.0,66.0,9.7,7.0,1021.1,15.0,0.8,41.0,MelbourneAirport
61.0,53.0,,,1022.1,23.8,0.0,48.0,Wollongong
51.0,77.0,,7.0,1012.6,29.8,0.2,28.0,Moree
78.0,57.0,0.0,8.0,1013.8,16.4,0.0,28.0,Moree
8.0,21.0,13.0,3.0,1009.0,41.8,0.0,46.0,MountGambier
23.0,71.0,10.2,,1019.3,20.5,0.0,30.0,Mildura
41.0,64.0,10.1,0.0,1025.4,17.4,0.0,17.0,Cobar
31.0,78.0,8.3,1.0,1006.0,23.4,1.2,61.0,Hobart
35.0,100.0,9.8,,1015.3,21.9,0.0,31.0,Dartmoor
63.0,81.0,7.2,4.0,1010.7,29.7,2.0,37.0,Cairns
58.0,56.0,9.0,2.0,1017.1,23.3,0.0,39.0,Townsville
52.0,100.0,,,1020.2,21.9,0.2,24.0,Richmond
80.0,86.0,,,1028.2,18.5,0.2,70.0,GoldCoast
91.0,92.0,3.0,7.0,1007.6,16.5,12.6,,Sydney
24.0,65.0,,,1016.1,33.9,0.0,37.0,Albury
19.0,60.0,,,1002.9,30.2,0.0,67.0,Nhil
52.0,68.0,11.0,3.0,1023.5,17.5,1.4,37.0,Portland
81.0,75.0,,8.0,1023.2,14.2,8.0,56.0,Wollongong
87.0,95.0,,,1006.1,18.1,4.6,37.0,Richmond
25.0,22.0,,,1003.9,34.3,0.0,57.0,Uluru
36.0,63.0,,5.0,1014.8,29.5,0.0,37.0,Moree
59.0,80.0,,,1010.3,12.6,4.8,59.0,Dartmoor
2.0,6.0,12.3,1.0,1013.6,35.0,0.0,31.0,AliceSprings
36.0,49.0,6.3,4.0,1021.7,22.6,0.0,31.0,Moree
52.0,52.0,8.9,1.0,1014.3,19.3,1.4,31.0,NorfolkIsland
35.0,81.0,7.5,7.0,1011.4,31.2,0.0,41.0,Mildura
13.0,35.0,12.1,3.0,1007.0,38.5,0.0,57.0,WaggaWagga
71.0,82.0,2.4,5.0,1012.8,17.5,0.0,,Albany
39.0,76.0,11.3,3.0,1008.8,33.2,3.2,37.0,Darwin
12.0,30.0,,,,33.9,0.0,43.0,SalmonGums
40.0,72.0,10.4,3.0,1019.5,23.0,0.0,46.0,MountGambier
38.0,65.0,12.7,1.0,1016.2,29.6,0.0,39.0,Cobar
50.0,56.0,11.0,1.0,1015.0,26.4,0.0,37.0,Cairns
46.0,58.0,12.4,3.0,1013.0,28.4,2.2,48.0,SydneyAirport
16.0,36.0,,,1012.8,31.8,0.0,43.0,Uluru
49.0,51.0,12.9,1.0,1012.5,25.5,0.0,48.0,PerthAirport
16.0,33.0,10.0,,1008.0,30.7,0.0,30.0,Nuriootpa
37.0,78.0,,,1030.1,20.0,0.0,17.0,Tuggeranong
80.0,99.0,,,1022.4,19.0,32.6,44.0,Richmond
76.0,100.0,4.1,,1024.3,12.3,0.6,28.0,Dartmoor
20.0,68.0,,,1006.8,25.3,0.0,44.0,Nhil
53.0,52.0,,,1018.7,21.6,0.0,33.0,GoldCoast
61.0,60.0,2.4,7.0,1014.4,17.7,0.0,44.0,NorfolkIsland
70.0,91.0,,,1021.8,18.8,0.2,30.0,Walpole
38.0,87.0,,,,20.0,0.0,20.0,Penrith
32.0,78.0,,,1007.4,29.2,0.0,33.0,MountGambier
35.0,91.0,5.7,6.0,1008.4,31.2,0.0,,Watsonia
53.0,97.0,8.5,1.0,1025.7,11.9,0.0,22.0,Mildura
12.0,33.0,10.4,6.0,1013.0,30.3,0.0,44.0,Darwin
50.0,61.0,4.8,7.0,1008.0,19.9,0.0,52.0,MelbourneAirport
86.0,60.0,5.1,7.0,1006.4,28.3,8.8,33.0,Cairns
24.0,39.0,,0.0,1017.2,25.5,0.0,44.0,Katherine
28.0,56.0,12.1,2.0,999.0,15.0,0.6,76.0,Hobart
,85.0,9.3,,1019.0,,0.0,,Albany
49.0,73.0,8.9,4.0,1023.1,18.2,0.8,39.0,Watsonia
58.0,100.0,,,1019.5,14.6,2.0,28.0,BadgerysCreek
32.0,56.0,10.2,0.0,1024.3,23.0,0.0,28.0,Perth
90.0,100.0,1.2,,1008.0,18.0,2.4,48.0,Dartmoor
14.0,39.0,13.1,0.0,1014.7,28.8,0.0,48.0,PerthAirport
59.0,87.0,8.4,,1016.0,18.1,0.4,54.0,Portland
60.0,79.0,7.2,2.0,1014.3,13.6,0.0,56.0,MelbourneAirport
48.0,69.0,,2.0,1029.8,9.3,0.6,33.0,Bendigo
59.0,100.0,,,1014.1,28.4,2.2,48.0,BadgerysCreek
60.0,68.0,2.7,7.0,1011.6,14.1,0.0,24.0,Cobar
53.0,56.0,,,1007.7,29.5,,33.0,AliceSprings
,,,,,13.8,0.0,69.0,Penrith
60.0,69.0,9.4,1.0,1022.3,17.6,9.0,35.0,SydneyAirport
82.0,77.0,1.9,7.0,1028.4,16.8,0.0,57.0,SydneyAirport
57.0,92.0,8.7,,1032.3,13.0,0.0,20.0,Nuriootpa
78.0,91.0,4.2,8.0,1013.9,12.1,1.8,54.0,Portland
54.0,88.0,,8.0,1014.8,12.3,4.4,57.0,MountGambier
86.0,93.0,0.9,8.0,1008.6,20.0,5.4,31.0,Canberra
68.0,99.0,8.2,,1015.8,16.5,7.4,41.0,Dartmoor
77.0,94.0,,,1020.8,16.0,0.2,31.0,Witchcliffe
60.0,69.0,,,1028.0,21.5,0.0,57.0,GoldCoast
37.0,81.0,,,1022.7,19.4,0.0,19.0,Richmond
22.0,65.0,10.0,0.0,1023.2,20.3,0.0,35.0,Moree
63.0,84.0,,4.0,,24.5,0.4,,Newcastle
85.0,97.0,1.1,8.0,1024.7,6.4,0.0,20.0,Canberra
56.0,85.0,7.2,4.0,1026.7,21.8,0.0,35.0,Brisbane
49.0,73.0,0.5,7.0,1008.5,22.9,0.0,,Sydney
46.0,73.0,,,,30.0,0.0,43.0,Penrith
46.0,69.0,11.9,5.0,1017.4,21.0,0.0,31.0,Sale
,87.0,,,,,1.8,,Newcastle
57.0,67.0,,7.0,1007.1,18.4,0.0,67.0,MountGambier
54.0,57.0,5.3,7.0,1012.9,21.5,0.0,52.0,MountGambier
24.0,56.0,,0.0,1014.5,32.0,0.0,22.0,Katherine
88.0,97.0,4.6,8.0,1014.6,20.6,1.8,35.0,NorfolkIsland
78.0,72.0,0.0,7.0,1005.0,13.8,0.6,54.0,WaggaWagga
87.0,90.0,0.0,8.0,1015.5,10.5,2.6,,Sydney
47.0,63.0,,,1019.7,20.4,0.0,35.0,Witchcliffe
60.0,51.0,5.4,4.0,995.4,6.9,0.0,85.0,Hobart
48.0,79.0,5.7,2.0,1013.6,29.6,0.6,33.0,Cairns
69.0,87.0,1.3,7.0,1022.1,14.1,0.0,22.0,WaggaWagga
29.0,72.0,10.9,0.0,1010.3,30.3,0.0,39.0,Darwin
21.0,54.0,12.4,1.0,1020.1,28.9,0.0,43.0,Moree
41.0,56.0,10.2,1.0,1018.6,22.8,0.0,33.0,Perth
77.0,82.0,6.5,7.0,1008.4,21.6,0.0,,Albany
7.0,34.0,10.8,0.0,1012.2,37.7,0.0,33.0,Woomera
98.0,98.0,,,,4.7,12.4,26.0,MountGinini
29.0,44.0,10.3,0.0,1013.1,18.6,0.0,33.0,Brisbane
76.0,71.0,11.5,1.0,1009.8,26.7,0.0,57.0,CoffsHarbour
63.0,91.0,,8.0,1024.0,14.6,4.2,44.0,MountGambier
18.0,44.0,,,1018.0,25.2,0.0,37.0,Williamtown
69.0,66.0,,,1027.6,19.1,0.0,46.0,Wollongong
71.0,62.0,,,1015.3,24.1,0.0,26.0,Wollongong
17.0,20.0,,6.0,1007.2,37.4,0.0,39.0,Cobar
23.0,59.0,13.3,0.0,1011.7,31.8,0.0,37.0,MountGambier
44.0,54.0,12.6,,1015.4,26.1,0.0,37.0,PearceRAAF
99.0,100.0,,7.0,1016.1,16.0,20.6,57.0,Ballarat
42.0,56.0,10.1,1.0,1019.2,19.0,0.0,20.0,Brisbane
42.0,74.0,,,,24.5,12.2,46.0,Penrith
15.0,39.0,11.1,1.0,1017.5,24.9,0.0,28.0,AliceSprings
71.0,78.0,0.1,7.0,1029.6,12.8,0.0,30.0,MelbourneAirport
82.0,75.0,0.0,8.0,1018.2,17.5,0.6,19.0,Brisbane
98.0,100.0,,8.0,1023.7,11.1,0.8,41.0,Ballarat
,57.0,,,1009.0,,0.0,22.0,Katherine
64.0,68.0,3.8,7.0,1007.9,30.3,4.4,30.0,Brisbane
84.0,92.0,,,1006.0,11.9,12.2,28.0,Walpole
25.0,71.0,,,1018.8,29.0,0.0,35.0,BadgerysCreek
32.0,36.0,11.9,1.0,1013.7,22.3,0.0,65.0,CoffsHarbour
52.0,77.0,13.1,3.0,999.9,31.1,0.0,35.0,Moree
67.0,66.0,0.3,8.0,1012.9,22.2,0.0,15.0,Brisbane
28.0,73.0,,,1020.8,23.2,0.0,48.0,Ballarat
52.0,66.0,,,1018.9,18.5,0.0,31.0,Dartmoor
52.0,22.0,,,,6.9,0.0,33.0,MountGinini
52.0,100.0,7.8,6.0,1022.9,18.6,0.0,20.0,Watsonia
37.0,64.0,9.1,6.0,1018.5,18.8,0.0,46.0,Nuriootpa
50.0,64.0,,,1027.1,19.7,0.0,43.0,Bendigo
32.0,65.0,10.1,2.0,1016.7,27.4,0.0,26.0,WaggaWagga
68.0,82.0,0.2,7.0,1007.6,13.6,2.0,30.0,MelbourneAirport
44.0,86.0,9.3,1.0,1017.4,23.0,0.6,24.0,Perth
40.0,54.0,,,1017.1,22.8,0.0,31.0,Richmond
81.0,33.0,11.8,2.0,1008.7,20.0,0.0,65.0,SydneyAirport
73.0,62.0,,,1000.6,18.9,0.0,54.0,Walpole
44.0,68.0,,,1014.3,16.7,0.0,20.0,NorahHead
52.0,58.0,12.2,1.0,1017.7,25.2,0.2,26.0,Brisbane
34.0,79.0,,,1020.1,15.7,1.0,35.0,Richmond
77.0,95.0,,,1017.6,16.8,2.4,96.0,NorahHead
72.0,83.0,,4.0,1021.0,23.0,16.0,26.0,Wollongong
66.0,82.0,,7.0,1019.7,12.8,0.0,28.0,Albury
78.0,99.0,,,1011.5,17.5,9.2,35.0,Walpole
52.0,91.0,,,1023.6,14.5,0.6,20.0,Launceston
14.0,48.0,12.0,2.0,1002.9,37.8,0.0,41.0,AliceSprings
37.0,82.0,,,1017.0,18.9,0.0,43.0,Tuggeranong
61.0,99.0,,1.0,1022.5,15.2,0.0,17.0,Albury
52.0,51.0,,,,20.4,0.0,33.0,MountGinini
53.0,86.0,,3.0,,29.2,0.4,,Newcastle
46.0,70.0,7.3,6.0,1019.3,20.7,0.0,61.0,MelbourneAirport
63.0,78.0,,,1010.6,22.4,4.2,46.0,Walpole
43.0,80.0,8.0,1.0,1009.1,22.6,0.0,39.0,MountGambier
30.0,56.0,,,1006.5,24.9,0.0,35.0,Walpole
50.0,85.0,8.8,4.0,1020.8,19.0,10.9,37.0,PearceRAAF
61.0,87.0,5.5,3.0,1010.1,28.7,2.6,26.0,Townsville
59.0,62.0,8.9,8.0,,27.0,0.0,46.0,Canberra
93.0,95.0,0.3,7.0,1019.3,15.1,9.2,41.0,Williamtown
63.0,73.0,,,1011.0,18.2,0.0,44.0,NorahHead
75.0,75.0,10.0,2.0,1013.8,23.9,2.6,43.0,NorfolkIsland
77.0,97.0,,8.0,1008.8,8.1,4.0,59.0,Ballarat
74.0,87.0,,6.0,1027.5,15.1,2.4,31.0,Williamtown
48.0,77.0,,,1026.9,18.7,0.0,26.0,BadgerysCreek
78.0,92.0,,,,17.4,2.0,20.0,SalmonGums
24.0,54.0,10.8,4.0,1019.8,21.6,0.0,30.0,Mildura
31.0,68.0,12.7,4.0,1011.1,33.6,0.0,43.0,Moree
43.0,47.0,,,1008.4,20.6,0.0,37.0,Adelaide
44.0,52.0,13.2,1.0,1006.6,30.1,0.0,44.0,Perth
34.0,44.0,,,,18.1,1.0,46.0,Penrith
53.0,86.0,,,1011.5,26.3,0.2,43.0,Nhil
53.0,85.0,0.1,7.0,1021.9,16.1,0.0,30.0,Mildura
42.0,83.0,7.1,6.0,1010.8,14.4,7.0,63.0,WaggaWagga
57.0,99.0,9.4,2.0,1024.0,13.7,0.0,19.0,Mildura
61.0,57.0,,,,19.0,0.0,,CoffsHarbour
54.0,98.0,,1.0,1019.5,20.6,0.0,54.0,Ballarat
51.0,79.0,,,1013.5,29.2,0.0,54.0,BadgerysCreek
46.0,62.0,7.4,2.0,1016.7,20.6,0.0,26.0,AliceSprings
52.0,94.0,10.6,2.0,1024.7,18.0,0.2,37.0,Watsonia
57.0,59.0,,4.0,1016.3,18.2,0.0,28.0,NorfolkIsland
42.0,81.0,9.5,,1021.9,18.0,2.0,37.0,Adelaide
76.0,84.0,0.0,8.0,1013.6,18.8,3.8,17.0,Brisbane
59.0,78.0,,3.0,1026.6,11.2,0.0,43.0,Ballarat
,,1.1,,1010.4,29.0,0.0,63.0,Dartmoor
71.0,66.0,7.2,7.0,1023.4,9.5,7.8,54.0,Sale
24.0,50.0,11.0,2.0,1005.8,33.8,0.0,33.0,Darwin
8.0,28.0,12.8,2.0,1012.1,35.6,0.0,39.0,Moree
77.0,90.0,,,1019.2,23.8,5.0,31.0,NorahHead
98.0,93.0,,,,8.2,0.0,31.0,MountGinini
38.0,57.0,12.9,3.0,1006.9,34.8,0.0,37.0,Williamtown
44.0,68.0,11.0,,1020.4,22.3,0.0,41.0,PearceRAAF
40.0,81.0,8.4,,1026.7,17.8,0.0,33.0,Nuriootpa
88.0,80.0,,8.0,1007.1,28.1,61.6,50.0,Cairns
57.0,68.0,10.3,1.0,1015.3,26.6,0.0,30.0,CoffsHarbour
43.0,57.0,,,1015.3,27.0,0.0,46.0,Witchcliffe
34.0,47.0,,1.0,1017.6,16.4,0.0,72.0,Wollongong
53.0,59.0,11.2,7.0,1015.1,28.5,0.0,37.0,Townsville
60.0,68.0,,,1019.3,22.5,0.0,48.0,MountGambier
15.0,42.0,13.2,0.0,1008.2,31.7,0.0,44.0,Woomera
26.0,44.0,13.0,1.0,1003.0,35.1,0.0,48.0,PearceRAAF
83.0,93.0,,,,10.6,12.6,44.0,SalmonGums
66.0,74.0,6.5,7.0,1004.1,30.3,6.8,43.0,Darwin
66.0,83.0,,,1022.6,22.1,0.6,35.0,Wollongong
56.0,57.0,,,1023.3,24.3,0.0,31.0,BadgerysCreek
6.0,17.0,10.0,,1013.5,32.5,0.0,33.0,AliceSprings
72.0,100.0,,8.0,1007.9,15.9,4.8,48.0,Portland
40.0,59.0,,,1018.7,16.7,0.0,48.0,Williamtown
23.0,66.0,,,1013.4,27.6,1.4,50.0,Nhil
43.0,53.0,,,1016.4,20.6,0.4,48.0,Witchcliffe
32.0,61.0,8.4,7.0,1020.2,23.9,0.0,30.0,Moree
42.0,67.0,8.6,2.0,1011.5,16.7,0.0,,Sydney
75.0,87.0,,6.0,,19.0,1.8,,Newcastle
23.0,37.0,,1.0,1000.7,35.7,0.0,35.0,AliceSprings
24.0,48.0,11.9,1.0,1016.1,32.4,0.0,63.0,Melbourne
43.0,100.0,,,1011.5,20.7,0.2,44.0,BadgerysCreek
77.0,95.0,3.0,,1012.2,12.4,2.8,56.0,Adelaide
68.0,83.0,,,1016.7,22.9,,35.0,Walpole
63.0,99.0,,,1028.6,14.5,0.0,11.0,Albury
39.0,57.0,9.9,1.0,1016.2,19.9,0.0,54.0,SydneyAirport
39.0,68.0,9.3,5.0,1019.2,19.5,0.0,,Canberra
69.0,100.0,,,1019.1,20.0,0.0,15.0,BadgerysCreek
60.0,80.0,1.8,6.0,1013.4,16.7,6.0,33.0,PerthAirport
49.0,66.0,,,1011.9,27.9,0.0,28.0,Cairns
35.0,99.0,,,1014.9,23.0,0.0,20.0,Witchcliffe
52.0,66.0,,,1010.4,23.9,0.0,39.0,GoldCoast
83.0,78.0,4.2,8.0,1012.8,18.7,0.0,57.0,PerthAirport
15.0,30.0,13.0,3.0,1008.1,35.4,0.0,43.0,Perth
31.0,74.0,3.1,7.0,1011.8,31.0,0.0,39.0,WaggaWagga
41.0,67.0,,,1028.4,18.4,0.0,30.0,Bendigo
68.0,67.0,4.5,7.0,1004.6,13.2,0.0,39.0,Melbourne
56.0,91.0,3.1,7.0,1019.6,9.8,0.0,41.0,Watsonia
35.0,72.0,,,,25.5,0.0,28.0,SalmonGums
88.0,,,,,0.9,0.0,65.0,MountGinini
38.0,65.0,,,1002.1,15.9,0.0,63.0,Nhil
31.0,52.0,9.4,2.0,1013.2,15.2,0.0,76.0,Woomera
57.0,52.0,13.2,1.0,1010.1,29.5,0.0,31.0,Brisbane
36.0,51.0,,,1008.9,19.1,0.0,50.0,Wollongong
39.0,48.0,12.3,1.0,,23.2,0.0,39.0,Sydney
52.0,70.0,11.6,7.0,1004.3,33.6,7.8,35.0,Townsville
56.0,65.0,8.0,4.0,1014.2,22.0,0.0,19.0,NorfolkIsland
49.0,71.0,,2.0,1023.4,17.6,0.0,50.0,Bendigo
67.0,74.0,,,1004.7,16.2,0.0,24.0,NorahHead
46.0,60.0,10.1,1.0,1011.9,23.8,0.0,37.0,Melbourne
69.0,77.0,,,1007.3,15.6,0.2,67.0,GoldCoast
48.0,100.0,9.3,1.0,1009.4,19.2,0.8,61.0,Sydney
85.0,86.0,,,1003.9,12.6,7.4,81.0,Walpole
97.0,97.0,,,,2.4,0.8,59.0,MountGinini
18.0,45.0,,,,28.4,0.0,39.0,SalmonGums
19.0,38.0,11.2,1.0,1016.5,34.1,0.0,33.0,Woomera
44.0,83.0,,,1016.1,14.9,5.4,39.0,Tuggeranong
63.0,97.0,,,,3.4,0.0,39.0,MountGinini
38.0,70.0,,,1027.7,13.6,0.0,22.0,Tuggeranong
60.0,60.0,,,1006.7,27.6,0.0,41.0,GoldCoast
45.0,97.0,,,,18.1,0.0,11.0,Penrith
28.0,19.0,11.3,1.0,1018.5,19.6,0.0,61.0,Sydney
60.0,93.0,,,1031.5,21.2,0.2,37.0,Richmond
61.0,79.0,,,,21.1,8.8,57.0,SalmonGums
77.0,74.0,1.7,7.0,1018.0,11.8,5.8,48.0,MelbourneAirport
65.0,83.0,10.2,4.0,1024.6,19.0,0.4,,Albany
30.0,64.0,12.4,2.0,1021.9,26.1,0.0,37.0,Moree
56.0,47.0,4.2,,1009.1,20.3,0.2,63.0,Adelaide
69.0,74.0,0.0,7.0,1033.6,12.9,0.0,20.0,MelbourneAirport
24.0,48.0,10.7,3.0,1015.3,23.4,0.0,30.0,AliceSprings
84.0,77.0,4.1,8.0,1017.0,15.8,0.0,,Albany
36.0,42.0,,,1009.2,16.0,2.4,57.0,Richmond
44.0,57.0,5.4,3.0,1024.0,16.8,0.0,52.0,MountGambier
39.0,77.0,9.2,0.0,1025.8,17.8,0.0,35.0,Mildura
60.0,90.0,,7.0,1025.1,15.5,61.0,61.0,Sydney
44.0,52.0,7.1,7.0,1017.1,17.9,1.0,33.0,MelbourneAirport
30.0,50.0,11.4,,1019.7,21.8,0.0,52.0,Adelaide
98.0,77.0,,7.0,1012.9,13.2,0.0,43.0,Ballarat
70.0,82.0,,8.0,1027.3,17.5,0.0,28.0,Wollongong
62.0,94.0,,,1024.1,13.5,0.0,19.0,Tuggeranong
45.0,100.0,,,1007.7,29.4,0.2,26.0,BadgerysCreek
18.0,61.0,,2.0,1009.7,34.8,0.0,39.0,Canberra
75.0,78.0,1.9,7.0,1009.6,12.1,0.0,44.0,Moree
55.0,79.0,8.3,6.0,1014.0,26.6,3.6,46.0,Cairns
68.0,95.0,0.9,7.0,1008.8,20.2,0.0,22.0,Portland
41.0,65.0,8.5,3.0,1023.4,14.2,1.8,43.0,Sale
76.0,86.0,,,1024.2,16.7,2.8,33.0,NorahHead
91.0,84.0,0.0,,1013.0,22.7,7.2,35.0,Sydney
16.0,44.0,12.0,,1006.7,26.6,,43.0,Adelaide
46.0,99.0,9.4,,1021.1,21.4,0.0,28.0,Dartmoor
55.0,76.0,,,1027.3,13.3,0.0,44.0,Ballarat
28.0,69.0,9.4,7.0,1018.8,25.8,0.0,39.0,Nuriootpa
52.0,98.0,,,1017.3,25.6,0.2,13.0,BadgerysCreek
90.0,99.0,,,1004.5,18.7,3.0,52.0,Walpole
74.0,67.0,13.0,1.0,1012.7,21.8,0.0,,Albany
40.0,89.0,,4.0,1008.6,16.6,0.4,65.0,Mildura
87.0,87.0,0.0,7.0,1011.0,27.3,19.2,50.0,Cairns
81.0,74.0,,,1015.4,19.5,0.2,37.0,NorahHead
31.0,76.0,8.7,8.0,1010.4,21.4,0.2,57.0,Sale
23.0,48.0,12.2,6.0,1012.7,28.9,0.0,54.0,MelbourneAirport
39.0,100.0,10.0,1.0,1021.3,23.0,0.0,28.0,Watsonia
76.0,72.0,1.8,7.0,995.9,11.4,8.4,83.0,MelbourneAirport
43.0,65.0,,,1018.6,20.2,0.2,39.0,Nhil
54.0,74.0,9.1,,1032.0,14.1,0.0,24.0,Nuriootpa
,72.0,,,1020.4,,0.0,,Albany
13.0,57.0,13.1,,1016.4,34.5,0.0,39.0,Dartmoor
54.0,78.0,1.0,7.0,1015.5,14.6,0.0,33.0,MelbourneAirport
62.0,64.0,10.8,1.0,1017.2,26.1,0.0,28.0,CoffsHarbour
19.0,47.0,,1.0,1002.8,37.5,0.0,41.0,Moree
49.0,71.0,,,1018.8,18.5,0.0,31.0,Ballarat
73.0,82.0,,,1020.8,18.4,0.0,35.0,Launceston
55.0,70.0,7.4,,1023.0,20.6,,44.0,Melbourne
71.0,81.0,8.7,6.0,1018.5,22.4,0.0,,Albany
87.0,77.0,4.8,8.0,1009.4,23.3,5.6,33.0,CoffsHarbour
56.0,72.0,10.3,2.0,1009.8,30.7,0.0,30.0,Darwin
81.0,80.0,7.7,6.0,1008.2,19.9,0.0,,Albany
37.0,61.0,,,1014.4,26.4,0.0,31.0,BadgerysCreek
25.0,84.0,11.6,0.0,1013.7,35.5,0.0,26.0,Watsonia
,67.0,,,,,2.0,,Newcastle
88.0,93.0,,,1019.8,24.8,0.6,43.0,NorahHead
34.0,57.0,,2.0,1017.2,26.0,0.0,50.0,Moree
38.0,71.0,,,1018.1,17.2,0.0,43.0,Uluru
58.0,97.0,,,,10.2,6.0,35.0,MountGinini
78.0,86.0,,,1006.8,22.4,0.8,46.0,NorahHead
7.0,12.0,,,1007.5,34.7,0.0,56.0,Uluru
28.0,57.0,,,1014.7,30.2,0.0,31.0,Moree
47.0,65.0,6.9,7.0,1012.8,22.3,24.2,28.0,WaggaWagga
40.0,40.0,10.5,0.0,1016.6,24.4,0.0,39.0,Cairns
66.0,80.0,,,1018.8,23.7,0.0,37.0,BadgerysCreek
79.0,83.0,,,1006.2,29.3,2.2,30.0,Cairns
43.0,65.0,10.2,6.0,1021.5,19.0,0.0,46.0,MountGambier
34.0,69.0,,,1019.4,30.7,0.0,31.0,Albury
23.0,73.0,,,1017.7,31.8,0.0,35.0,Nhil
58.0,47.0,1.0,,1009.6,27.5,0.0,50.0,Nuriootpa
56.0,79.0,8.5,1.0,1016.1,25.5,0.0,43.0,CoffsHarbour
59.0,66.0,8.2,7.0,1013.3,28.8,0.0,46.0,Townsville
81.0,95.0,2.2,,1010.6,13.0,0.0,31.0,Dartmoor
59.0,80.0,5.5,4.0,1011.3,11.0,9.0,65.0,MountGambier
,57.0,,,1007.5,,0.0,44.0,Katherine
52.0,56.0,8.2,,1013.5,27.1,0.0,46.0,Townsville
39.0,81.0,,,,19.8,0.2,35.0,Penrith
79.0,99.0,5.5,,1010.6,9.3,10.4,59.0,Dartmoor
28.0,55.0,10.3,3.0,1007.8,31.8,0.0,39.0,Moree
26.0,59.0,,,1021.6,22.4,0.0,39.0,Cobar
46.0,55.0,10.6,1.0,1033.4,18.6,0.0,,PearceRAAF
72.0,70.0,,,1016.0,25.2,0.0,30.0,GoldCoast
74.0,71.0,,,1029.8,18.1,0.0,33.0,NorahHead
73.0,,,,,19.0,0.2,22.0,MountGinini
63.0,57.0,,8.0,1015.3,27.3,0.2,39.0,Townsville
57.0,66.0,,,1013.7,25.5,0.0,41.0,Williamtown
47.0,89.0,5.8,7.0,1017.9,20.1,30.6,48.0,Sydney
56.0,79.0,7.2,6.0,1024.0,20.3,0.0,30.0,Hobart
51.0,80.0,,,1019.9,19.7,0.0,28.0,Tuggeranong
52.0,47.0,,7.0,1005.2,16.0,0.0,63.0,Sale
24.0,51.0,,8.0,1014.6,25.8,0.0,41.0,Uluru
60.0,67.0,10.5,4.0,1016.4,19.7,0.2,56.0,SydneyAirport
31.0,55.0,11.7,,1015.6,21.8,0.0,46.0,Nuriootpa
49.0,73.0,5.2,7.0,1012.7,13.4,2.4,61.0,Watsonia
40.0,64.0,11.6,4.0,1009.5,27.1,0.0,41.0,Sale
58.0,67.0,8.4,6.0,1021.5,9.0,10.0,69.0,Nuriootpa
72.0,77.0,,,1001.1,18.4,0.0,65.0,Witchcliffe
75.0,85.0,,,1013.7,26.9,0.0,35.0,NorahHead
33.0,61.0,,,,29.1,0.0,33.0,Penrith
56.0,65.0,4.0,0.0,1024.9,12.8,2.2,33.0,Portland
36.0,44.0,,,,12.4,0.0,50.0,Penrith
69.0,80.0,7.4,7.0,1006.1,31.7,28.8,44.0,Townsville
36.0,58.0,,,1012.7,17.3,0.0,33.0,NorahHead
95.0,92.0,0.0,8.0,1016.6,21.1,8.0,31.0,PerthAirport
69.0,92.0,8.0,3.0,1019.0,14.6,0.4,43.0,Portland
62.0,87.0,8.7,2.0,1029.1,20.6,0.0,,Albany
60.0,76.0,8.8,,1009.8,22.1,0.0,54.0,Portland
40.0,58.0,,,1019.8,21.9,3.2,37.0,Witchcliffe
45.0,91.0,,,1023.9,15.7,0.2,15.0,BadgerysCreek
84.0,71.0,,8.0,1031.4,11.7,0.2,52.0,Wollongong
39.0,55.0,11.2,,1015.3,23.2,0.3,35.0,PearceRAAF
27.0,41.0,8.4,1.0,1006.2,18.5,0.0,52.0,SydneyAirport
56.0,60.0,,8.0,1018.2,18.9,0.0,41.0,CoffsHarbour
85.0,97.0,3.2,7.0,1016.1,19.2,1.5,44.0,Nuriootpa
58.0,86.0,2.4,7.0,1021.0,14.2,2.4,35.0,Watsonia
64.0,79.0,,,1008.4,26.2,0.0,24.0,Richmond
56.0,71.0,9.7,6.0,1009.2,31.8,0.0,56.0,Darwin
31.0,66.0,10.7,5.0,1013.5,32.1,0.0,39.0,Darwin
92.0,93.0,0.1,7.0,1008.6,11.0,34.6,43.0,Hobart
70.0,79.0,0.0,8.0,1021.2,16.1,1.2,26.0,SydneyAirport
66.0,76.0,,,1012.2,18.7,0.0,37.0,Walpole
60.0,70.0,,,1022.2,16.9,0.4,31.0,Walpole
,55.0,,,1004.1,,0.0,41.0,Katherine
66.0,62.0,2.3,8.0,1017.9,26.2,1.0,30.0,Brisbane
42.0,99.0,10.1,2.0,1025.4,25.3,0.0,37.0,Sale
,82.0,9.9,,1020.7,,15.2,,Albany
59.0,47.0,,2.0,1019.1,15.8,0.0,57.0,Wollongong
74.0,75.0,0.8,7.0,1014.6,7.9,0.0,76.0,MelbourneAirport
10.0,39.0,3.6,7.0,1007.0,39.7,0.0,19.0,Mildura
68.0,68.0,,8.0,1010.7,26.6,0.0,31.0,Cairns
46.0,99.0,,,1012.6,26.2,0.2,24.0,Richmond
45.0,65.0,4.4,1.0,1015.9,21.2,,44.0,PearceRAAF
74.0,75.0,,,1005.0,20.9,2.8,48.0,Witchcliffe
98.0,75.0,,8.0,1009.3,13.9,0.0,35.0,Bendigo
62.0,61.0,,,1014.9,25.5,0.0,37.0,GoldCoast
96.0,91.0,,8.0,,24.0,1.2,,Newcastle
41.0,57.0,5.5,5.0,1007.6,33.5,0.0,59.0,Moree
,78.0,,,1007.3,,0.0,31.0,Katherine
81.0,83.0,,,1016.7,23.6,0.0,26.0,NorahHead
69.0,82.0,9.8,,1019.2,26.1,1.0,,Sydney
36.0,52.0,,,,18.5,0.0,43.0,Penrith
46.0,66.0,11.3,3.0,1007.0,33.7,7.0,44.0,Darwin
81.0,84.0,9.4,7.0,1014.8,20.5,0.0,48.0,NorfolkIsland
66.0,75.0,,8.0,1015.8,7.9,0.0,59.0,Canberra
96.0,70.0,,8.0,1002.2,12.5,0.0,48.0,MountGambier
58.0,59.0,11.0,,1014.0,25.9,14.8,39.0,Sydney
59.0,90.0,,,1014.6,23.0,1.6,28.0,Uluru
48.0,61.0,,2.0,1010.4,31.2,0.0,48.0,Townsville
60.0,99.0,,8.0,1015.9,17.7,0.2,33.0,Bendigo
80.0,69.0,5.2,8.0,1007.6,17.5,0.0,,Albany
26.0,63.0,,,1010.4,28.2,0.0,35.0,Williamtown
60.0,52.0,5.9,6.0,1014.0,16.5,0.2,41.0,NorfolkIsland
91.0,92.0,0.0,8.0,1018.5,19.3,8.6,15.0,Brisbane
35.0,65.0,,,1009.8,16.9,7.0,50.0,Richmond
,81.0,,,1008.1,,22.6,20.0,Katherine
55.0,74.0,,,1023.3,15.9,3.4,19.0,Adelaide
,59.0,,0.0,1010.7,33.6,0.0,37.0,Katherine
66.0,72.0,,,,16.6,0.2,28.0,SalmonGums
89.0,84.0,,7.0,1009.1,23.3,0.0,83.0,NorfolkIsland
13.0,18.0,10.5,4.0,1008.0,36.6,0.0,33.0,AliceSprings
30.0,93.0,,,,25.1,0.0,44.0,SalmonGums
54.0,66.0,7.0,5.0,1011.6,24.4,0.0,35.0,Perth
41.0,58.0,9.5,1.0,1011.2,18.0,0.0,31.0,CoffsHarbour
83.0,64.0,,8.0,,16.3,0.0,50.0,Launceston
57.0,82.0,4.4,6.0,1010.7,29.8,25.6,63.0,Sydney
41.0,51.0,11.9,6.0,1020.3,17.9,0.0,35.0,Portland
20.0,62.0,,,1016.4,30.1,0.0,39.0,Bendigo
55.0,54.0,,7.0,1024.9,17.8,0.0,19.0,Wollongong
71.0,86.0,3.3,,1014.9,16.1,0.4,24.0,Hobart
75.0,94.0,,,,5.4,10.0,74.0,MountGinini
59.0,82.0,9.1,7.0,1024.5,12.9,0.2,41.0,MountGambier
36.0,67.0,9.5,7.0,1007.6,20.1,10.0,35.0,Melbourne
77.0,93.0,,,1003.5,27.4,5.8,61.0,NorahHead
38.0,59.0,7.0,7.0,1019.3,17.1,0.0,35.0,Moree
20.0,32.0,11.0,0.0,1015.8,31.3,0.0,31.0,Perth
34.0,76.0,9.3,,1010.4,19.4,0.0,37.0,Williamtown
30.0,45.0,10.1,6.0,1003.8,21.1,3.0,44.0,Canberra
24.0,50.0,9.3,6.0,1015.1,28.1,0.0,37.0,Cobar
57.0,95.0,,,1020.1,21.5,0.2,24.0,Witchcliffe
,79.0,,,1012.8,,0.2,,Albany
69.0,69.0,,,1022.9,22.3,1.8,43.0,GoldCoast
24.0,34.0,2.7,7.0,1020.0,20.1,0.0,31.0,AliceSprings
28.0,41.0,13.1,,1008.9,24.2,0.0,43.0,Adelaide
50.0,58.0,,,1021.4,18.3,0.2,35.0,Witchcliffe
70.0,92.0,,,1014.2,25.4,0.0,30.0,Williamtown
43.0,68.0,8.1,7.0,1004.5,24.9,1.8,31.0,MelbourneAirport
62.0,91.0,6.7,5.0,1010.3,21.5,18.8,43.0,PerthAirport
55.0,65.0,0.9,7.0,1019.7,17.2,0.0,31.0,Melbourne
68.0,82.0,0.1,7.0,1017.8,12.3,0.0,33.0,Watsonia
55.0,80.0,1.5,8.0,1019.7,14.1,0.8,41.0,Mildura
49.0,67.0,8.9,1.0,1000.7,32.3,0.0,74.0,SydneyAirport
61.0,99.0,,,1024.8,19.6,1.4,24.0,Walpole
19.0,70.0,,,,36.7,0.0,33.0,Penrith
89.0,86.0,,,1016.5,17.3,,44.0,Walpole
35.0,58.0,10.5,0.0,1015.6,21.9,0.0,33.0,SydneyAirport
92.0,91.0,,,1014.0,19.3,38.2,85.0,NorahHead
57.0,31.0,,,,8.8,0.0,33.0,MountGinini
30.0,57.0,,1.0,1008.7,23.5,0.0,50.0,Albury
50.0,71.0,,,1011.1,26.7,0.0,26.0,Witchcliffe
44.0,80.0,5.6,3.0,1017.1,11.6,2.4,46.0,MelbourneAirport
49.0,71.0,,,1012.5,25.2,0.2,39.0,Tuggeranong
62.0,85.0,,,1018.1,26.7,14.2,24.0,BadgerysCreek
41.0,65.0,,,,24.3,0.0,35.0,SalmonGums
56.0,70.0,,,1033.8,14.7,0.0,30.0,Adelaide
92.0,93.0,,8.0,1017.6,19.5,11.4,43.0,Wollongong
53.0,99.0,10.7,1.0,1020.9,20.5,0.2,44.0,Watsonia
49.0,83.0,6.7,3.0,1018.9,18.9,0.0,41.0,Watsonia
61.0,70.0,8.8,2.0,1019.4,22.9,0.0,30.0,Perth
60.0,79.0,6.2,7.0,1022.2,18.3,0.0,19.0,MelbourneAirport
48.0,84.0,7.0,5.0,1016.8,11.0,4.0,,WaggaWagga
54.0,75.0,10.3,4.0,1018.1,20.7,0.0,57.0,Sale
64.0,77.0,4.0,7.0,1023.1,11.8,4.2,26.0,MountGambier
6.0,51.0,10.7,6.0,1010.2,35.1,0.0,46.0,Darwin
28.0,28.0,,,1011.0,20.5,0.0,39.0,Adelaide
42.0,56.0,11.6,,1013.7,26.2,0.0,37.0,PearceRAAF
81.0,92.0,,,1010.0,12.0,1.2,22.0,Nhil
37.0,69.0,12.4,,1014.8,31.9,0.0,43.0,PearceRAAF
42.0,54.0,9.9,3.0,1014.0,19.6,0.0,28.0,Brisbane
37.0,73.0,9.6,5.0,1021.1,20.6,0.0,35.0,WaggaWagga
93.0,97.0,,,,2.3,6.4,54.0,MountGinini
45.0,70.0,10.8,2.0,1006.4,32.8,0.0,39.0,Darwin
23.0,44.0,7.5,7.0,1009.5,32.4,0.0,41.0,AliceSprings
39.0,71.0,,,,19.1,0.0,30.0,SalmonGums
70.0,99.0,,3.0,1022.8,11.7,0.2,22.0,Albury
57.0,69.0,,,1023.4,14.4,0.0,37.0,Walpole
62.0,91.0,,,1006.8,14.0,10.0,43.0,Nhil
32.0,62.0,6.0,1.0,1005.9,21.6,0.2,59.0,Sydney
62.0,71.0,7.5,7.0,1012.0,28.2,15.4,44.0,Cairns
35.0,46.0,10.6,1.0,1014.0,30.0,0.0,43.0,Mildura
58.0,79.0,,,1018.7,23.2,0.0,46.0,Sale
54.0,84.0,7.8,7.0,1014.8,16.8,2.0,39.0,Watsonia
35.0,55.0,,7.0,1013.5,30.5,0.0,31.0,Albury
46.0,60.0,9.1,2.0,1007.3,27.7,0.0,48.0,PerthAirport
43.0,63.0,,,,10.3,0.0,46.0,MountGinini
61.0,81.0,6.4,7.0,1010.9,17.9,14.8,50.0,Nuriootpa
43.0,77.0,,,1016.1,19.2,0.0,26.0,Moree
54.0,84.0,,,,14.3,0.0,33.0,SalmonGums
42.0,70.0,8.9,5.0,1019.8,20.7,0.0,31.0,MelbourneAirport
92.0,80.0,4.3,8.0,1013.1,11.1,0.0,56.0,Portland
36.0,67.0,8.4,,1017.7,23.1,0.0,30.0,PearceRAAF
56.0,77.0,2.6,6.0,1015.0,16.8,4.6,20.0,Melbourne
81.0,75.0,2.2,7.0,1017.0,21.1,0.4,30.0,NorfolkIsland
17.0,50.0,,,,32.9,0.0,52.0,SalmonGums
25.0,50.0,9.0,7.0,1006.9,35.0,0.0,50.0,WaggaWagga
56.0,81.0,6.2,3.0,1018.2,26.0,27.8,44.0,Sydney
40.0,90.0,2.9,0.0,1012.6,21.6,0.0,44.0,Woomera
36.0,71.0,,,,34.1,0.0,39.0,Penrith
60.0,91.0,8.6,7.0,1010.6,23.4,33.6,52.0,Woomera
58.0,81.0,4.9,7.0,1014.1,24.2,4.8,26.0,Sydney
59.0,81.0,0.0,8.0,1004.5,31.2,6.4,56.0,Cairns
62.0,72.0,,,1018.2,23.8,0.0,35.0,Walpole
48.0,85.0,,,1027.7,16.7,0.0,26.0,Ballarat
40.0,82.0,,,1009.1,21.6,0.0,44.0,Albury
52.0,74.0,9.2,7.0,1011.9,24.1,12.8,26.0,CoffsHarbour
40.0,84.0,10.0,1.0,1030.5,18.9,0.0,20.0,Perth
70.0,82.0,6.3,7.0,1001.0,22.1,10.4,28.0,WaggaWagga
23.0,67.0,11.0,,1010.0,25.3,0.0,46.0,Canberra
58.0,93.0,,,1027.9,14.5,0.4,35.0,Nhil
17.0,33.0,,,1016.7,29.3,0.0,30.0,Adelaide
63.0,86.0,,,,12.5,0.0,13.0,SalmonGums
15.0,48.0,,,1016.4,36.8,0.0,52.0,Ballarat
55.0,63.0,5.0,8.0,1021.2,18.1,9.0,,Sydney
68.0,71.0,,,1016.5,18.1,0.2,26.0,Wollongong
63.0,78.0,7.8,6.0,1007.6,14.4,11.4,57.0,Hobart
70.0,74.0,,1.0,1005.7,21.3,4.8,35.0,Wollongong
39.0,49.0,7.4,7.0,1016.3,28.0,0.0,59.0,Watsonia
,91.0,10.6,6.0,1008.6,25.0,0.0,,Albany
78.0,75.0,,8.0,1017.1,20.6,0.4,30.0,Wollongong
60.0,75.0,8.3,1.0,1025.2,22.7,3.4,37.0,Sydney
75.0,75.0,8.5,7.0,1016.8,23.5,1.4,41.0,SydneyAirport
8.0,28.0,,,1017.8,22.8,0.0,39.0,Uluru
35.0,49.0,,,1014.2,31.0,0.0,41.0,Williamtown
29.0,57.0,,,1012.5,30.7,0.0,35.0,Bendigo
66.0,97.0,4.7,7.0,1022.4,13.8,0.0,15.0,MelbourneAirport
61.0,83.0,,5.0,1017.4,16.0,1.4,37.0,WaggaWagga
32.0,47.0,,,1001.7,23.8,1.4,61.0,Wollongong
46.0,63.0,1.5,8.0,1022.1,24.2,0.0,33.0,Moree
34.0,51.0,10.0,,1022.3,18.4,0.0,54.0,Hobart
44.0,70.0,,4.0,1021.0,23.2,5.0,57.0,Williamtown
53.0,78.0,7.7,3.0,1026.2,21.7,0.0,26.0,Perth
72.0,82.0,,,1020.6,23.1,0.0,33.0,NorahHead
52.0,49.0,9.9,1.0,1022.0,17.1,0.0,41.0,SydneyAirport
25.0,76.0,,,1016.1,20.5,0.0,39.0,Richmond
47.0,67.0,4.8,6.0,1011.1,13.9,0.0,35.0,Hobart
83.0,93.0,,7.0,1025.2,19.1,53.0,33.0,Wollongong
44.0,89.0,,,,21.7,0.0,22.0,SalmonGums
58.0,63.0,6.3,4.0,1018.9,23.8,0.0,48.0,SydneyAirport
78.0,92.0,,,1009.4,27.6,3.0,44.0,GoldCoast
69.0,84.0,,,1015.4,28.0,7.8,35.0,GoldCoast
80.0,97.0,8.6,6.0,1018.5,12.1,4.6,22.0,Portland
34.0,78.0,6.7,,1001.4,20.4,0.6,81.0,Hobart
67.0,85.0,8.1,5.0,1020.1,18.0,16.2,26.0,NorfolkIsland
48.0,62.0,10.6,1.0,1011.9,29.1,0.0,28.0,Townsville
54.0,65.0,,1.0,,28.0,0.0,,Newcastle
31.0,64.0,12.5,0.0,1012.7,26.5,0.0,48.0,Woomera
42.0,55.0,9.6,2.0,1008.7,19.4,2.8,37.0,Brisbane
53.0,60.0,,,1017.6,24.4,0.0,37.0,Townsville
50.0,79.0,9.3,7.0,1016.9,16.6,0.0,33.0,Woomera
53.0,74.0,,2.0,1021.9,12.3,0.0,30.0,Canberra
61.0,41.0,,,1009.6,19.3,0.0,30.0,NorahHead
57.0,60.0,10.9,1.0,1015.7,27.1,0.0,39.0,Townsville
66.0,77.0,4.7,8.0,1012.3,18.7,0.0,41.0,Canberra
80.0,77.0,,8.0,1007.2,19.2,0.0,54.0,Canberra
35.0,42.0,,,1025.5,19.6,0.0,28.0,Adelaide
42.0,68.0,13.3,1.0,1015.4,27.0,0.0,39.0,MelbourneAirport
40.0,50.0,,,999.3,24.2,0.0,65.0,Wollongong
62.0,66.0,,,1009.3,11.7,0.6,43.0,Tuggeranong
57.0,57.0,,8.0,1019.5,19.5,4.4,48.0,Wollongong
65.0,79.0,,2.0,1027.5,15.6,0.0,56.0,Wollongong
81.0,62.0,,,1008.7,12.8,0.0,57.0,Witchcliffe
31.0,60.0,13.0,1.0,1015.9,30.2,0.0,33.0,MountGambier
62.0,74.0,6.4,,1008.8,26.1,0.0,50.0,Sydney
31.0,67.0,9.3,,1023.6,19.9,0.0,33.0,Woomera
35.0,56.0,,,,24.1,0.0,35.0,SalmonGums
85.0,89.0,0.4,,1016.2,14.5,0.0,31.0,Dartmoor
47.0,59.0,,,1018.3,14.7,0.0,43.0,Wollongong
66.0,94.0,,8.0,1009.0,9.8,6.4,,Ballarat
59.0,38.0,4.4,8.0,1014.9,24.2,0.0,28.0,PerthAirport
97.0,97.0,0.4,8.0,1007.9,15.0,15.8,57.0,Mildura
84.0,81.0,0.1,,1013.9,19.2,5.6,50.0,Sydney
32.0,65.0,,,1015.5,25.2,0.0,57.0,Ballarat
17.0,63.0,10.1,5.0,1023.3,25.4,0.0,48.0,Nuriootpa
18.0,25.0,,2.0,1008.5,38.5,0.0,46.0,Katherine
,,,,1017.8,12.5,4.0,52.0,Witchcliffe
22.0,48.0,,,1014.8,33.9,0.0,44.0,Bendigo
51.0,62.0,,,1023.4,15.4,0.0,22.0,NorahHead
41.0,61.0,,2.0,1015.5,26.8,0.0,43.0,Bendigo
33.0,64.0,12.5,3.0,1012.5,31.2,0.2,37.0,Moree
42.0,49.0,9.6,1.0,1010.9,16.5,0.0,33.0,CoffsHarbour
60.0,69.0,2.9,6.0,994.9,18.8,0.2,78.0,WaggaWagga
66.0,77.0,12.7,5.0,1018.4,19.1,0.0,33.0,Sale
58.0,61.0,10.6,2.0,1015.7,18.7,6.0,37.0,NorfolkIsland
53.0,76.0,2.4,7.0,1013.5,11.2,0.0,52.0,Sale
16.0,52.0,12.4,0.0,1012.4,26.6,0.0,46.0,Mildura
32.0,42.0,9.7,2.0,1014.3,20.1,0.0,48.0,PerthAirport
69.0,59.0,7.1,6.0,1011.6,27.9,0.0,28.0,Brisbane
63.0,61.0,9.1,3.0,1026.2,18.5,0.0,41.0,NorfolkIsland
37.0,49.0,12.4,,1009.7,23.5,0.0,44.0,PearceRAAF
72.0,84.0,,,1012.7,20.8,0.0,35.0,Walpole
42.0,66.0,10.1,3.0,1022.2,18.3,0.0,31.0,PerthAirport
58.0,73.0,0.7,7.0,1018.1,19.5,0.0,41.0,Melbourne
50.0,79.0,8.5,7.0,1026.9,19.2,0.0,22.0,Perth
28.0,37.0,,7.0,1017.2,20.4,0.0,28.0,Cobar
65.0,46.0,,,1025.2,20.2,0.0,26.0,Wollongong
64.0,74.0,10.8,1.0,1020.5,21.5,0.0,,Albany
57.0,84.0,,3.0,1015.9,10.8,0.0,50.0,Portland
82.0,59.0,6.9,,1015.1,19.3,0.0,52.0,Sydney
93.0,79.0,3.4,7.0,1008.5,25.9,25.6,41.0,Darwin
56.0,46.0,,,1003.6,21.1,0.0,44.0,Witchcliffe
96.0,98.0,,8.0,1020.5,16.6,35.6,39.0,Bendigo
60.0,97.0,4.1,,1010.9,22.1,0.4,31.0,Dartmoor
90.0,100.0,0.0,8.0,1010.4,16.5,0.6,30.0,Watsonia
18.0,33.0,,,1024.1,24.1,0.0,37.0,Uluru
44.0,65.0,,6.0,1009.3,32.9,0.0,41.0,Bendigo
45.0,52.0,,,,19.4,0.0,46.0,SalmonGums
65.0,72.0,7.2,7.0,1017.0,23.2,0.0,31.0,NorfolkIsland
78.0,63.0,,8.0,,13.0,0.2,54.0,Launceston
36.0,82.0,4.9,6.0,1017.5,27.3,0.0,37.0,MountGambier
39.0,84.0,,,1009.5,31.1,0.0,39.0,Richmond
21.0,40.0,10.8,1.0,1012.2,14.9,0.0,57.0,SydneyAirport
57.0,63.0,,,1004.6,19.6,0.0,41.0,Launceston
53.0,97.0,5.8,0.0,1023.2,15.2,0.2,24.0,Sale
71.0,85.0,,7.0,1019.0,22.5,1.2,24.0,Wollongong
38.0,61.0,,1.0,1022.8,17.5,0.0,28.0,Mildura
55.0,74.0,8.5,4.0,1020.9,22.8,0.0,39.0,Sale
99.0,,,,,6.5,0.0,,MountGinini
30.0,74.0,,,1013.1,29.2,0.0,30.0,MountGambier
37.0,49.0,12.2,3.0,1014.1,22.6,0.0,52.0,PearceRAAF
53.0,79.0,,,,30.9,0.0,72.0,Penrith
40.0,64.0,12.8,,1014.4,28.2,0.4,28.0,Adelaide
41.0,64.0,10.7,3.0,1008.1,26.1,12.4,43.0,SydneyAirport
36.0,63.0,,1.0,1016.6,27.1,0.0,35.0,Moree
77.0,94.0,,,1017.4,18.4,0.0,35.0,BadgerysCreek
49.0,83.0,,,1010.0,28.4,12.6,28.0,Albury
22.0,50.0,13.1,1.0,1005.8,31.5,0.0,80.0,PerthAirport
72.0,66.0,4.5,7.0,1013.2,21.0,0.0,39.0,Perth
44.0,60.0,8.7,5.0,1007.1,18.0,0.0,50.0,Mildura
91.0,94.0,,8.0,1010.6,19.1,38.0,54.0,Wollongong
92.0,93.0,0.7,8.0,1005.9,21.3,25.8,48.0,NorfolkIsland
54.0,75.0,,8.0,,13.9,0.0,,Newcastle
68.0,92.0,,,1017.1,22.9,15.4,26.0,BadgerysCreek
64.0,99.0,,,1024.1,16.7,0.0,35.0,Witchcliffe
69.0,78.0,3.7,4.0,1016.7,13.0,5.8,,Albany
65.0,71.0,,,1027.3,20.1,0.0,20.0,Wollongong
21.0,50.0,11.3,1.0,1015.9,23.8,0.0,28.0,WaggaWagga
79.0,67.0,,8.0,1017.1,23.0,0.0,50.0,CoffsHarbour
58.0,59.0,12.1,1.0,1009.0,27.8,0.0,26.0,Cairns
47.0,64.0,10.7,1.0,1014.9,27.8,0.0,39.0,Townsville
77.0,99.0,0.9,6.0,1008.2,13.4,0.0,33.0,Mildura
70.0,80.0,,,,17.4,0.0,13.0,Penrith
34.0,56.0,12.5,4.0,1013.0,25.7,0.0,46.0,Mildura
40.0,35.0,,,,10.2,0.0,31.0,MountGinini
20.0,30.0,2.4,7.0,1011.3,26.6,0.0,63.0,MountGambier
53.0,59.0,10.8,3.0,1017.6,24.7,0.0,46.0,Townsville
70.0,68.0,11.4,4.0,1006.2,28.0,0.0,56.0,CoffsHarbour
40.0,82.0,,,1012.2,24.6,1.6,52.0,Woomera
56.0,88.0,8.2,1.0,1020.8,11.9,0.0,28.0,Hobart
73.0,94.0,,5.0,1006.3,33.0,18.0,39.0,Katherine
64.0,67.0,,,1006.7,23.7,11.6,37.0,GoldCoast
64.0,91.0,,,,6.9,5.8,35.0,MountGinini
39.0,62.0,11.0,1.0,1007.4,30.1,0.0,50.0,PearceRAAF
53.0,75.0,9.8,4.0,1011.0,25.6,4.6,48.0,PerthAirport
55.0,98.0,,,1032.4,12.7,0.0,19.0,Canberra
54.0,70.0,7.0,7.0,1027.8,16.8,0.0,24.0,MelbourneAirport
71.0,74.0,,,1009.3,25.0,0.0,50.0,Wollongong
17.0,38.0,11.0,,1019.7,28.7,0.0,39.0,Williamtown
69.0,90.0,8.2,3.0,1009.3,30.1,3.8,39.0,Townsville
61.0,72.0,,,1009.0,28.6,3.2,30.0,GoldCoast
33.0,76.0,,,1019.9,23.0,0.0,24.0,Richmond
67.0,82.0,,,1034.4,15.1,0.2,26.0,Walpole
63.0,62.0,9.2,5.0,1016.0,20.0,0.0,,Albany
63.0,87.0,,8.0,1008.2,18.4,14.4,44.0,Ballarat
63.0,100.0,,,1018.5,14.3,0.0,20.0,BadgerysCreek
68.0,63.0,12.1,1.0,1006.3,31.1,0.0,30.0,Cairns
48.0,56.0,,8.0,1005.6,19.8,0.2,,Williamtown
71.0,89.0,,,1016.5,19.7,1.4,26.0,Richmond
61.0,76.0,5.4,6.0,1027.0,12.2,0.0,33.0,MelbourneAirport
70.0,70.0,10.7,4.0,999.7,33.5,0.0,41.0,Townsville
70.0,91.0,2.4,7.0,1027.8,17.3,0.0,30.0,CoffsHarbour
47.0,55.0,12.0,1.0,1019.1,19.3,0.0,43.0,Perth
82.0,90.0,,,1001.6,17.6,1.6,33.0,Dartmoor
71.0,93.0,5.6,5.0,1012.0,13.3,1.4,63.0,Nuriootpa
56.0,62.0,11.0,2.0,1011.5,31.5,0.0,37.0,Townsville
73.0,78.0,0.5,7.0,1003.7,30.7,0.2,26.0,Cairns
38.0,62.0,10.1,1.0,1012.0,23.0,0.0,28.0,CoffsHarbour
46.0,77.0,,,1017.5,21.5,0.0,43.0,Ballarat
57.0,38.0,0.3,8.0,1005.8,15.6,0.0,52.0,Portland
74.0,98.0,,3.0,1030.5,11.7,0.0,50.0,Ballarat
26.0,53.0,10.9,,1020.6,19.2,0.0,37.0,Nuriootpa
37.0,80.0,10.7,7.0,1015.7,19.1,0.0,52.0,WaggaWagga
51.0,73.0,9.3,3.0,1019.0,25.8,0.0,31.0,Sydney
45.0,49.0,11.4,2.0,1019.3,20.1,0.0,35.0,NorfolkIsland
92.0,74.0,,,999.3,14.4,0.6,81.0,Walpole
31.0,70.0,,,1020.5,19.6,0.0,31.0,Mildura
33.0,56.0,,,1010.8,20.8,0.0,43.0,GoldCoast
29.0,64.0,8.8,7.0,1017.5,28.1,0.0,52.0,Mildura
10.0,31.0,11.2,2.0,1013.3,29.7,0.0,39.0,Nuriootpa
67.0,78.0,,7.0,1004.4,10.0,16.8,72.0,Bendigo
54.0,69.0,,6.0,,27.5,0.0,,Newcastle
43.0,52.0,7.3,7.0,1009.5,12.1,0.0,63.0,MelbourneAirport
65.0,100.0,,,1029.3,13.4,1.0,13.0,Albury
49.0,60.0,,1.0,1021.2,15.5,0.0,39.0,Williamtown
62.0,45.0,8.1,7.0,1009.1,25.4,0.0,48.0,Sale
62.0,63.0,,,1014.0,23.2,1.0,54.0,GoldCoast
66.0,71.0,5.3,5.0,1019.7,24.3,12.8,22.0,Brisbane
51.0,77.0,8.3,6.0,1026.4,19.3,0.0,24.0,WaggaWagga
53.0,73.0,9.3,1.0,1025.4,20.1,0.0,19.0,WaggaWagga
59.0,68.0,1.1,8.0,1018.4,17.0,0.0,31.0,Perth
63.0,76.0,,,1001.6,21.5,0.0,56.0,NorahHead
66.0,72.0,,,1012.3,29.0,2.8,39.0,GoldCoast
59.0,86.0,9.8,3.0,1019.1,27.2,1.6,37.0,SydneyAirport
14.0,28.0,9.2,,1016.9,27.6,0.0,37.0,Nuriootpa
,82.0,,,,,0.0,,Newcastle
55.0,77.0,5.9,7.0,1026.6,17.9,0.0,30.0,Sydney
41.0,62.0,,,1030.8,19.8,0.0,41.0,Tuggeranong
84.0,83.0,0.0,8.0,1016.5,13.7,4.8,70.0,MelbourneAirport
27.0,34.0,9.8,6.0,1004.2,36.5,0.0,,AliceSprings
63.0,79.0,5.7,2.0,1024.5,18.3,2.4,28.0,NorfolkIsland
24.0,46.0,,,1017.0,34.1,0.0,31.0,Albury
39.0,51.0,,,1013.9,24.5,0.0,24.0,Adelaide
6.0,21.0,9.6,5.0,1011.7,28.3,0.0,63.0,Mildura
48.0,61.0,12.6,3.0,1012.1,31.9,0.0,37.0,Cairns
16.0,48.0,,,,30.3,0.0,,Canberra
60.0,81.0,,8.0,1007.4,19.6,1.8,31.0,Ballarat
56.0,65.0,11.1,7.0,1007.8,32.3,0.0,33.0,Darwin
66.0,85.0,0.6,8.0,1012.8,19.0,0.0,31.0,CoffsHarbour
44.0,60.0,,1.0,,22.6,0.0,,Newcastle
44.0,62.0,,,1022.5,18.7,0.0,22.0,Walpole
59.0,63.0,9.1,1.0,1017.8,19.1,0.2,33.0,NorfolkIsland
13.0,32.0,,1.0,1015.4,34.7,0.0,52.0,Bendigo
46.0,75.0,3.1,7.0,1011.7,26.0,0.0,30.0,Williamtown
58.0,69.0,,6.0,999.1,30.8,19.6,33.0,Brisbane
46.0,63.0,,,1014.2,18.6,0.0,39.0,MountGambier
64.0,67.0,,,1018.6,22.7,0.0,41.0,GoldCoast
57.0,62.0,9.5,6.0,1014.0,25.8,0.0,26.0,Brisbane
69.0,78.0,,5.0,1027.2,16.7,0.0,15.0,Wollongong
43.0,52.0,,0.0,1010.1,21.5,0.0,69.0,Sale
45.0,85.0,9.7,,1010.8,21.0,0.8,44.0,Adelaide
12.0,31.0,,,1002.3,27.6,0.0,70.0,Nhil
60.0,88.0,8.5,8.0,1025.4,17.5,0.0,24.0,Sydney
32.0,47.0,,0.0,1016.1,29.4,0.0,33.0,Katherine
47.0,78.0,,1.0,1016.2,25.6,0.2,43.0,Bendigo
22.0,34.0,,0.0,1018.0,26.1,0.0,37.0,Cobar
8.0,16.0,,,1007.6,34.8,0.0,31.0,Uluru
57.0,83.0,2.7,6.0,1014.7,18.2,0.0,30.0,SydneyAirport
72.0,90.0,4.6,4.0,1020.2,19.5,0.6,22.0,Perth
53.0,84.0,,,1013.2,15.4,0.0,31.0,Tuggeranong
48.0,80.0,,4.0,,31.8,0.6,,Newcastle
20.0,24.0,,,1012.1,32.9,0.0,46.0,Uluru
5.0,7.0,13.2,,1002.8,44.3,0.0,39.0,Adelaide
90.0,98.0,,,,21.6,0.2,52.0,MountGinini
72.0,72.0,,,1009.7,18.6,0.0,50.0,Witchcliffe
23.0,65.0,,,1009.2,28.7,0.0,43.0,Bendigo
77.0,80.0,0.3,7.0,1029.3,13.6,0.8,28.0,Melbourne
86.0,91.0,0.0,7.0,1019.2,11.3,4.8,26.0,Canberra
80.0,96.0,1.9,7.0,1002.9,16.0,20.0,56.0,PearceRAAF
32.0,51.0,,,1011.3,22.6,0.0,30.0,Richmond
33.0,72.0,10.4,7.0,1015.8,29.5,0.8,52.0,Melbourne
34.0,70.0,9.7,1.0,1031.5,14.0,0.0,17.0,WaggaWagga
40.0,72.0,,,,19.4,0.0,31.0,SalmonGums
43.0,96.0,,,1014.6,28.1,0.0,26.0,Sale
38.0,55.0,,8.0,1026.3,8.3,0.0,43.0,Canberra
72.0,98.0,,4.0,1019.0,15.8,0.0,28.0,MountGambier
48.0,76.0,9.2,6.0,1020.3,16.3,0.4,46.0,MountGambier
62.0,78.0,,4.0,1011.5,24.7,0.0,33.0,Sale
91.0,83.0,,,1015.6,10.7,0.0,43.0,Launceston
35.0,52.0,9.6,,1011.6,25.9,0.0,50.0,Hobart
61.0,88.0,10.1,3.0,1029.0,18.5,10.2,28.0,Sydney
57.0,77.0,9.4,1.0,1025.8,20.1,0.0,35.0,Perth
45.0,62.0,13.2,0.0,1011.5,24.7,0.0,46.0,Perth
53.0,71.0,,,1005.7,16.2,1.2,85.0,Nhil
67.0,85.0,6.4,7.0,1018.2,20.0,0.0,28.0,WaggaWagga
63.0,72.0,,,,8.5,0.2,48.0,MountGinini
52.0,97.0,7.8,6.0,1028.5,15.6,0.0,20.0,Perth
8.0,53.0,11.8,,1019.4,31.1,0.0,28.0,Nuriootpa
56.0,87.0,3.5,7.0,1008.5,33.5,2.2,52.0,Darwin
51.0,73.0,,0.0,,15.4,2.6,,Newcastle
62.0,57.0,11.0,1.0,1005.9,22.0,0.0,,Albany
54.0,56.0,,,,21.6,11.8,41.0,Launceston
,57.0,,,1014.2,,0.0,35.0,Katherine
62.0,79.0,6.1,7.0,1011.1,30.4,0.0,33.0,Darwin
98.0,99.0,,7.0,1018.9,7.8,0.2,39.0,Ballarat
60.0,98.0,,,,17.1,1.2,11.0,Penrith
78.0,75.0,,,1012.2,24.4,0.0,20.0,GoldCoast
25.0,56.0,8.4,5.0,1013.6,22.6,0.0,39.0,PearceRAAF
32.0,98.0,,,,32.5,0.0,17.0,Penrith
42.0,54.0,,,1024.9,16.4,0.0,44.0,Tuggeranong
89.0,95.0,,8.0,1024.7,16.5,1.0,17.0,Albury
51.0,100.0,,,1018.2,25.4,0.0,31.0,Witchcliffe
61.0,87.0,3.2,7.0,1012.9,20.4,5.2,35.0,PerthAirport
39.0,80.0,9.9,2.0,1020.0,17.6,0.0,28.0,Moree
53.0,57.0,11.3,1.0,1013.9,29.2,5.0,20.0,Brisbane
58.0,74.0,9.0,7.0,1015.7,18.7,0.8,30.0,AliceSprings
46.0,92.0,7.2,2.0,1030.0,10.7,5.6,39.0,MelbourneAirport
32.0,66.0,11.1,,1019.6,26.6,0.0,37.0,PearceRAAF
94.0,97.0,,,,2.5,7.6,65.0,MountGinini
35.0,77.0,,,1024.3,16.1,0.0,31.0,Nhil
64.0,78.0,6.5,7.0,1004.2,13.8,0.0,61.0,MelbourneAirport
46.0,66.0,10.3,3.0,1009.0,32.4,0.0,33.0,Darwin
38.0,87.0,,1.0,1015.5,21.6,34.8,61.0,Albury
59.0,65.0,10.4,6.0,1017.2,19.6,0.0,41.0,Portland
56.0,56.0,5.8,7.0,1018.1,25.1,0.0,33.0,Brisbane
60.0,75.0,5.9,7.0,1008.9,13.8,20.6,63.0,MountGambier
54.0,54.0,12.0,5.0,1006.8,29.6,0.0,39.0,Townsville
58.0,64.0,11.2,1.0,1004.9,32.2,0.0,35.0,Townsville
54.0,72.0,,,1014.1,20.8,0.0,35.0,Tuggeranong
50.0,84.0,,,1025.1,11.4,0.0,26.0,Canberra
21.0,42.0,12.9,0.0,1013.4,25.4,0.0,46.0,Woomera
55.0,59.0,,,,21.5,0.0,,CoffsHarbour
75.0,98.0,,8.0,,11.4,0.0,35.0,Launceston
35.0,60.0,,,1005.6,25.5,0.0,31.0,Richmond
29.0,56.0,12.1,3.0,1019.7,18.5,0.4,50.0,Hobart
51.0,65.0,8.9,3.0,1015.6,19.9,33.0,,Sydney
33.0,68.0,9.2,4.0,1022.0,26.3,0.0,44.0,MelbourneAirport
27.0,56.0,,8.0,1013.9,26.6,0.0,61.0,Bendigo
64.0,77.0,12.5,5.0,1015.4,22.3,0.0,46.0,Sale
18.0,60.0,,,1019.1,29.9,0.0,22.0,Albury
97.0,95.0,0.0,8.0,1019.7,17.6,3.0,15.0,Brisbane
64.0,85.0,,,997.1,27.5,0.0,57.0,Richmond
19.0,29.0,9.2,,1021.3,21.0,0.0,35.0,Adelaide
52.0,100.0,,,1017.6,16.1,0.0,19.0,BadgerysCreek
39.0,52.0,,,1011.4,24.4,0.0,48.0,Witchcliffe
78.0,90.0,0.0,7.0,1011.0,19.8,76.0,87.0,CoffsHarbour
,,3.8,,1008.4,13.7,0.2,39.0,Dartmoor
47.0,65.0,,,1008.7,20.1,0.0,28.0,NorahHead
76.0,95.0,,,1006.2,20.0,0.0,22.0,Walpole
62.0,94.0,2.1,7.0,1028.4,11.2,0.4,37.0,MelbourneAirport
67.0,56.0,9.6,1.0,1015.3,16.4,1.0,63.0,NorfolkIsland
65.0,85.0,0.0,8.0,1013.0,21.0,0.0,,Albany
60.0,89.0,0.0,,1005.6,21.7,2.4,50.0,Adelaide
99.0,97.0,0.0,8.0,1002.5,9.2,12.2,44.0,Watsonia
45.0,70.0,11.2,1.0,1017.9,32.2,0.0,39.0,Williamtown
85.0,94.0,,8.0,1007.8,17.2,5.8,19.0,Canberra
52.0,50.0,,,1017.3,19.1,0.0,33.0,Witchcliffe
44.0,67.0,,2.0,1022.4,18.1,1.6,50.0,Bendigo
,57.0,,,1008.4,,0.0,,Katherine
65.0,89.0,4.5,1.0,1020.0,16.3,1.6,20.0,Portland
56.0,78.0,,,1014.7,22.4,0.0,50.0,Tuggeranong
30.0,43.0,,,,32.8,0.0,46.0,SalmonGums
45.0,75.0,10.0,7.0,1019.2,17.6,0.0,22.0,WaggaWagga
28.0,77.0,,,1015.8,30.4,0.0,26.0,Witchcliffe
20.0,40.0,10.7,3.0,1018.9,23.4,0.0,37.0,AliceSprings
45.0,68.0,,,1019.3,22.8,0.0,39.0,BadgerysCreek
50.0,67.0,,,1026.3,18.6,0.0,20.0,Adelaide
44.0,54.0,,,1026.6,13.4,0.0,28.0,Adelaide
53.0,46.0,10.2,1.0,1011.4,23.5,0.0,39.0,Sydney
59.0,81.0,6.7,,1024.0,15.2,0.4,24.0,Hobart
40.0,57.0,,,1018.3,27.6,0.0,44.0,Ballarat
43.0,85.0,,,,18.9,0.2,15.0,Penrith
37.0,64.0,,1.0,1008.2,31.6,0.0,24.0,Albury
20.0,40.0,10.3,4.0,1017.1,33.1,0.0,33.0,Cobar
58.0,89.0,,,1007.4,28.1,0.4,28.0,BadgerysCreek
93.0,88.0,,8.0,,11.4,0.2,28.0,Launceston
69.0,94.0,,6.0,1020.7,18.2,20.8,26.0,CoffsHarbour
47.0,44.0,4.4,8.0,998.6,20.6,0.0,78.0,Portland
50.0,58.0,11.7,3.0,1021.5,15.0,0.0,39.0,Portland
,72.0,,,1009.5,,0.0,33.0,Katherine
33.0,75.0,,2.0,1021.8,18.5,0.0,37.0,Bendigo
32.0,26.0,,,1003.9,28.4,0.0,57.0,Dartmoor
32.0,66.0,,,1013.0,26.2,0.0,39.0,Canberra
30.0,76.0,,,1025.2,18.0,0.0,24.0,Tuggeranong
26.0,39.0,11.5,,1016.1,27.2,0.0,24.0,Adelaide
60.0,54.0,7.4,7.0,1016.3,23.7,0.0,,Sydney
63.0,71.0,9.9,1.0,1025.2,15.5,0.0,28.0,Hobart
59.0,67.0,0.5,,1010.5,17.7,,39.0,Melbourne
67.0,72.0,8.1,3.0,1004.7,30.7,2.6,30.0,Cairns
61.0,88.0,3.1,7.0,1008.1,23.0,0.0,31.0,SydneyAirport
50.0,81.0,10.1,2.0,1011.9,26.2,0.8,26.0,Townsville
94.0,97.0,,,1007.1,12.2,2.4,28.0,Dartmoor
55.0,92.0,,,1029.2,12.5,0.0,20.0,Tuggeranong
43.0,70.0,,8.0,1016.1,20.1,0.0,43.0,Canberra
51.0,84.0,,,1022.1,23.6,0.0,39.0,BadgerysCreek
57.0,87.0,7.2,3.0,1019.1,13.8,3.6,41.0,Portland
58.0,78.0,,,1005.9,15.0,18.0,41.0,Launceston
34.0,55.0,,,1008.6,24.5,0.0,39.0,Tuggeranong
48.0,73.0,10.7,1.0,1010.8,26.7,0.0,30.0,PerthAirport
8.0,27.0,,,1002.0,37.6,0.0,61.0,Bendigo
61.0,79.0,3.7,5.0,1014.8,22.4,15.4,26.0,Brisbane
18.0,56.0,,3.0,1007.8,28.8,0.0,39.0,Bendigo
62.0,86.0,,,,27.3,10.2,17.0,Penrith
91.0,80.0,0.0,8.0,1010.5,18.4,11.2,59.0,Sydney
54.0,69.0,10.7,2.0,1023.5,23.3,0.0,41.0,SydneyAirport
19.0,52.0,,0.0,1017.1,24.4,0.0,19.0,Cobar
51.0,62.0,9.9,1.0,1012.3,23.8,0.0,39.0,PerthAirport
53.0,78.0,,,1015.0,24.2,0.0,26.0,BadgerysCreek
,98.0,,,,,21.0,22.0,Richmond
62.0,100.0,,8.0,1016.0,12.4,0.0,31.0,Albury
67.0,76.0,9.5,5.0,1011.1,30.3,17.4,56.0,Townsville
39.0,53.0,,5.0,1013.7,21.7,0.0,35.0,Bendigo
30.0,56.0,,,,27.7,0.0,39.0,SalmonGums
54.0,57.0,10.9,1.0,1013.1,27.5,0.0,35.0,Townsville
67.0,65.0,2.9,8.0,1025.6,12.0,3.4,46.0,Portland
54.0,70.0,11.2,6.0,1013.4,26.0,0.0,,Sydney
44.0,56.0,13.8,1.0,1013.8,23.9,0.0,33.0,MountGambier
32.0,48.0,10.9,2.0,1021.6,22.5,0.0,30.0,WaggaWagga
60.0,97.0,7.4,2.0,1015.5,22.4,0.2,31.0,Sale
28.0,59.0,,,,20.1,0.0,35.0,SalmonGums
44.0,27.0,,,,25.5,0.0,43.0,SalmonGums
44.0,64.0,9.0,1.0,1016.1,22.9,0.0,28.0,Watsonia
61.0,81.0,,,1016.5,26.5,2.8,43.0,GoldCoast
71.0,78.0,,,1016.8,21.5,0.0,33.0,Walpole
21.0,49.0,10.9,1.0,1021.1,28.0,0.0,20.0,Mildura
68.0,62.0,2.6,7.0,994.3,28.3,0.0,65.0,Sydney
42.0,57.0,,,1017.9,20.4,0.0,31.0,GoldCoast
65.0,54.0,,,1013.8,21.9,0.0,26.0,NorahHead
44.0,77.0,11.2,5.0,1001.6,31.2,1.0,59.0,Sydney
42.0,86.0,,1.0,1016.9,21.3,0.0,30.0,Albury
80.0,98.0,5.9,,1002.8,13.3,2.8,87.0,Dartmoor
75.0,69.0,,,1026.2,18.1,0.0,52.0,GoldCoast
69.0,73.0,,,,11.8,20.8,56.0,Witchcliffe
61.0,64.0,,,1015.0,17.0,1.8,54.0,NorahHead
34.0,63.0,10.7,,1021.0,19.1,0.2,35.0,MountGambier
62.0,68.0,,,1021.2,24.3,0.0,26.0,GoldCoast
55.0,64.0,5.0,7.0,1011.0,28.4,0.0,35.0,Cairns
46.0,58.0,7.9,6.0,1020.8,19.8,0.0,24.0,NorfolkIsland
48.0,99.0,10.0,1.0,1021.9,20.1,0.0,33.0,Watsonia
19.0,61.0,13.2,2.0,1019.8,25.6,0.0,39.0,Mildura
77.0,99.0,,7.0,1018.0,6.9,8.6,39.0,Cobar
92.0,98.0,,,,2.2,10.0,72.0,MountGinini
53.0,61.0,7.8,5.0,1006.1,14.2,2.0,94.0,Sale
88.0,74.0,,,1017.8,17.9,0.0,69.0,NorahHead
8.0,,,,1014.3,38.1,,39.0,Tuggeranong
11.0,28.0,,,1008.3,34.1,0.0,50.0,Uluru
51.0,83.0,4.7,7.0,1013.0,25.4,0.6,59.0,WaggaWagga
67.0,94.0,,6.0,1024.6,12.9,0.0,33.0,Bendigo
54.0,95.0,7.0,7.0,1026.5,14.9,0.2,17.0,Nuriootpa
26.0,70.0,11.1,1.0,1009.0,31.7,0.0,35.0,Canberra
40.0,66.0,,,,24.2,0.0,28.0,SalmonGums
60.0,87.0,2.5,6.0,1018.9,12.8,2.2,52.0,Melbourne
57.0,91.0,9.4,1.0,1016.1,21.4,0.0,,Albany
23.0,43.0,6.1,5.0,1009.6,30.0,0.0,31.0,Perth
69.0,62.0,,3.0,1026.0,13.4,0.0,81.0,Wollongong
37.0,84.0,11.5,7.0,1017.4,23.9,0.0,35.0,Watsonia
17.0,38.0,,,1008.8,35.8,0.0,46.0,Tuggeranong
73.0,98.0,,6.0,,12.6,0.4,19.0,Launceston
13.0,47.0,11.2,1.0,1018.2,25.6,0.0,28.0,Woomera
16.0,32.0,7.2,6.0,1006.7,38.3,1.0,52.0,AliceSprings
40.0,91.0,,,1022.3,17.1,0.0,17.0,Tuggeranong
91.0,74.0,1.6,8.0,1020.0,16.9,0.0,50.0,MelbourneAirport
25.0,45.0,7.1,2.0,1010.8,28.9,0.0,37.0,Darwin
44.0,56.0,13.0,0.0,1016.8,27.6,0.0,52.0,Sydney
88.0,95.0,0.2,7.0,997.1,23.1,13.6,56.0,NorfolkIsland
59.0,59.0,9.7,6.0,1007.3,21.7,0.0,46.0,CoffsHarbour
73.0,88.0,3.1,7.0,1006.6,30.4,19.0,20.0,Darwin
48.0,63.0,8.0,,1024.5,18.4,0.0,56.0,Dartmoor
37.0,74.0,,,,19.1,0.0,30.0,SalmonGums
,45.0,,,1012.1,,0.0,41.0,Katherine
42.0,46.0,9.8,,1015.0,14.4,0.0,44.0,Hobart
57.0,98.0,,1.0,1021.0,14.3,0.0,37.0,Ballarat
55.0,60.0,,,1018.1,21.8,0.0,37.0,NorahHead
44.0,64.0,4.3,7.0,1003.0,15.7,0.0,78.0,Melbourne
31.0,73.0,9.1,7.0,1007.2,32.9,49.2,39.0,Mildura
87.0,99.0,3.3,7.0,1005.5,12.1,4.2,30.0,MountGambier
65.0,82.0,,,1006.6,20.3,0.4,61.0,Richmond
42.0,77.0,9.3,2.0,1010.5,25.0,0.0,,Albany
37.0,56.0,8.6,7.0,1019.8,17.3,0.0,41.0,Sydney
6.0,20.0,,,1013.9,29.7,0.0,41.0,Uluru
58.0,64.0,5.6,7.0,1005.8,30.6,0.0,37.0,Townsville
72.0,76.0,7.0,5.0,1015.8,19.0,0.8,,Albany
36.0,65.0,,,1018.4,30.2,0.0,43.0,Nhil
47.0,87.0,9.0,,1026.8,14.1,,39.0,Melbourne
53.0,76.0,6.5,6.0,1023.3,15.7,0.0,26.0,MelbourneAirport
37.0,66.0,6.6,7.0,1020.6,27.3,0.0,46.0,Melbourne
66.0,72.0,0.0,7.0,1007.9,28.9,0.0,26.0,Darwin
47.0,61.0,6.6,7.0,1007.8,16.0,2.0,50.0,Mildura
68.0,69.0,9.1,1.0,1010.7,25.2,0.0,22.0,NorfolkIsland
41.0,56.0,,,1016.9,17.5,0.0,46.0,Tuggeranong
57.0,68.0,,5.0,1018.9,17.0,0.0,37.0,Bendigo
20.0,59.0,,,1012.3,27.0,3.6,52.0,Moree
87.0,92.0,3.0,7.0,1017.4,12.9,4.4,56.0,MountGambier
91.0,89.0,,8.0,1018.2,12.2,6.2,35.0,MountGambier
49.0,85.0,,,,28.1,0.0,22.0,Penrith
74.0,100.0,,8.0,1024.0,7.7,0.2,35.0,Ballarat
9.0,41.0,,,1009.2,34.4,0.0,41.0,Albury
,54.0,,,,,74.2,,Newcastle
70.0,100.0,,8.0,1023.0,10.2,0.0,22.0,Ballarat
50.0,78.0,,,1011.4,15.8,0.0,52.0,Launceston
48.0,71.0,10.3,,1007.3,25.6,0.0,33.0,Melbourne
45.0,57.0,0.0,7.0,1014.6,23.6,0.0,46.0,WaggaWagga
68.0,78.0,,8.0,1013.1,22.0,0.0,17.0,Richmond
54.0,42.0,4.2,7.0,999.4,16.2,1.8,59.0,Sale
44.0,58.0,10.4,1.0,1019.4,19.0,0.0,22.0,Perth
42.0,69.0,9.3,1.0,1014.9,19.3,1.0,46.0,Perth
62.0,75.0,3.3,5.0,1017.8,20.3,0.2,,Albany
55.0,97.0,6.4,7.0,1026.6,13.2,0.0,26.0,Mildura
45.0,54.0,9.8,2.0,1017.7,18.4,0.0,33.0,CoffsHarbour
44.0,74.0,,,1019.5,26.4,0.0,20.0,Albury
65.0,63.0,4.6,7.0,1019.9,15.1,0.0,52.0,MountGambier
41.0,74.0,9.3,1.0,1017.4,15.0,0.0,35.0,Hobart
33.0,50.0,,6.0,1004.5,36.3,0.0,46.0,Albury
44.0,60.0,6.7,2.0,1022.3,16.9,7.4,50.0,PerthAirport
52.0,69.0,8.9,1.0,1016.4,25.4,0.0,46.0,Cairns
57.0,62.0,10.7,7.0,1009.9,27.5,,22.0,Brisbane
50.0,55.0,11.3,1.0,1018.2,22.5,7.0,39.0,CoffsHarbour
58.0,76.0,12.3,,1023.7,21.7,0.0,35.0,Dartmoor
96.0,82.0,,,1012.6,19.2,0.0,44.0,NorahHead
41.0,76.0,,,1021.5,26.1,0.0,31.0,Dartmoor
73.0,87.0,,,1007.2,22.5,0.2,54.0,Witchcliffe
60.0,85.0,,4.0,,17.0,32.4,,Newcastle
79.0,99.0,,8.0,1006.7,15.3,1.2,56.0,Ballarat
47.0,79.0,,,,29.8,4.2,31.0,Penrith
61.0,77.0,,,1023.8,24.5,11.6,26.0,Richmond
51.0,99.0,,,1017.3,17.8,4.4,63.0,Witchcliffe
72.0,72.0,,,1018.4,22.2,0.0,41.0,NorahHead
37.0,54.0,,,1008.9,28.3,0.0,61.0,Bendigo
32.0,52.0,10.9,1.0,1018.7,22.8,0.0,20.0,Brisbane
65.0,74.0,6.9,7.0,1021.7,24.2,0.0,35.0,CoffsHarbour
34.0,86.0,9.9,4.0,1014.4,28.0,0.2,35.0,Mildura
64.0,100.0,4.8,4.0,1023.5,13.0,4.4,26.0,Nuriootpa
67.0,91.0,9.4,5.0,1027.0,17.1,0.2,26.0,MountGambier
66.0,89.0,3.2,8.0,1018.1,15.1,0.8,20.0,Portland
26.0,57.0,,1.0,1019.8,16.0,0.0,24.0,Cobar
50.0,66.0,,,1011.6,20.7,0.2,54.0,Nhil
62.0,79.0,9.3,2.0,1012.8,28.3,2.0,43.0,Townsville
27.0,62.0,9.7,2.0,1013.1,28.7,0.6,39.0,Moree
20.0,33.0,,1.0,1015.3,32.4,0.0,41.0,Canberra
51.0,73.0,,4.0,1028.3,13.7,0.0,48.0,Bendigo
53.0,77.0,,7.0,,12.7,0.0,39.0,Launceston
67.0,99.0,5.8,3.0,1021.6,20.9,3.8,22.0,Perth
52.0,62.0,,,1010.1,17.9,1.6,50.0,Witchcliffe
32.0,62.0,11.5,2.0,1008.5,33.0,0.0,31.0,Darwin
55.0,89.0,6.4,5.0,1016.7,16.7,3.2,30.0,Perth
37.0,68.0,,6.0,1013.2,23.7,0.0,28.0,Bendigo
66.0,100.0,,7.0,1021.1,17.7,0.2,13.0,Albury
64.0,77.0,9.3,3.0,1005.5,33.8,22.2,41.0,Darwin
38.0,63.0,10.4,1.0,1025.7,17.9,0.0,35.0,PerthAirport
63.0,99.0,,,1015.9,15.4,6.2,41.0,Walpole
30.0,67.0,12.0,5.0,1010.9,25.1,0.0,26.0,MelbourneAirport
91.0,93.0,,8.0,1028.2,17.2,42.4,37.0,Wollongong
50.0,43.0,9.5,2.0,1015.6,25.7,0.0,48.0,Cairns
12.0,43.0,12.5,,1010.4,38.7,0.0,59.0,Hobart
47.0,89.0,,,1017.1,21.3,1.0,17.0,BadgerysCreek
52.0,68.0,,5.0,1028.9,9.5,0.2,37.0,Canberra
69.0,84.0,4.1,7.0,1010.1,16.4,11.8,57.0,Sydney
49.0,90.0,,,1015.0,17.8,0.0,26.0,BadgerysCreek
37.0,53.0,12.6,6.0,1016.9,29.1,0.0,46.0,Mildura
,66.0,,,1008.9,,0.0,37.0,Katherine
,37.0,,,1012.6,,0.0,57.0,Katherine
39.0,55.0,,3.0,,25.4,1.0,,Newcastle
47.0,95.0,,,,15.1,0.0,31.0,MountGinini
67.0,76.0,,,1017.4,16.6,0.0,41.0,Witchcliffe
40.0,52.0,,,1013.3,29.6,0.0,43.0,Witchcliffe
45.0,72.0,9.4,,1035.4,12.8,0.0,30.0,Nuriootpa
53.0,76.0,7.1,6.0,1011.8,13.8,0.0,31.0,Nuriootpa
36.0,74.0,,,1019.4,18.2,0.0,35.0,Nhil
35.0,55.0,,1.0,1021.1,17.0,0.0,39.0,Cobar
22.0,47.0,,,1025.9,23.8,0.0,50.0,Cobar
36.0,76.0,,4.0,,34.0,1.8,,Newcastle
72.0,95.0,2.9,7.0,1036.9,12.4,1.8,30.0,MountGambier
30.0,54.0,12.8,1.0,1011.9,27.3,0.2,35.0,Brisbane
37.0,76.0,,,1015.8,27.2,0.0,43.0,Walpole
66.0,99.0,,,1016.1,21.5,0.6,43.0,Richmond
63.0,78.0,4.7,3.0,1013.8,15.5,0.0,24.0,Sale
29.0,52.0,,,1016.1,24.7,0.0,41.0,Bendigo
19.0,71.0,,,,31.1,0.0,30.0,Penrith
8.0,25.0,,,1008.3,41.2,0.0,50.0,Nhil
98.0,99.0,,3.0,1027.1,10.6,0.6,26.0,Ballarat
33.0,30.0,13.2,2.0,1012.1,21.9,0.0,54.0,PerthAirport
31.0,39.0,11.3,7.0,1015.4,26.3,0.0,37.0,Perth
45.0,89.0,,,1036.4,13.8,0.0,28.0,Canberra
33.0,52.0,10.8,1.0,1011.9,32.7,0.0,54.0,Darwin
53.0,85.0,6.1,3.0,1020.2,14.9,6.0,39.0,Mildura
40.0,56.0,11.0,0.0,1024.9,20.8,0.0,48.0,PearceRAAF
52.0,62.0,6.5,7.0,1009.4,30.7,2.6,35.0,Darwin
74.0,71.0,9.6,5.0,1012.1,23.1,0.0,41.0,NorfolkIsland
61.0,68.0,,7.0,1015.0,23.3,0.0,39.0,Sale
10.0,50.0,,,1007.9,33.6,0.0,67.0,Canberra
18.0,29.0,13.9,0.0,1017.5,32.5,0.0,57.0,WaggaWagga
32.0,49.0,10.2,0.0,1010.9,21.2,0.0,35.0,Brisbane
30.0,71.0,9.4,,1014.8,27.9,4.0,43.0,Mildura
63.0,59.0,,,,17.1,7.4,69.0,SalmonGums
52.0,66.0,8.5,0.0,1022.3,19.3,0.0,41.0,PearceRAAF
17.0,34.0,,,1014.1,37.5,0.0,43.0,Walpole
74.0,87.0,2.3,7.0,1021.9,12.4,12.6,,Sydney
51.0,45.0,12.7,6.0,1013.6,25.9,0.0,43.0,Perth
38.0,75.0,9.7,5.0,1031.8,14.3,0.0,28.0,Woomera
21.0,44.0,5.2,8.0,994.9,29.1,0.0,87.0,Hobart
85.0,73.0,3.9,7.0,1009.7,21.7,0.0,35.0,NorfolkIsland
59.0,64.0,11.1,1.0,1011.2,30.6,0.0,37.0,Townsville
77.0,61.0,11.5,5.0,1013.9,20.8,0.0,,Albany
51.0,73.0,7.6,6.0,1003.3,19.5,15.6,,Albany
9.0,19.0,12.4,0.0,1010.4,39.3,0.0,31.0,Nuriootpa
24.0,26.0,,3.0,1010.1,31.8,0.0,33.0,Katherine
8.0,20.0,9.8,3.0,1013.9,31.9,0.0,39.0,AliceSprings
,75.0,,,1006.5,,0.0,37.0,Katherine
89.0,72.0,4.2,7.0,1007.9,27.0,17.4,30.0,Brisbane
60.0,76.0,6.9,1.0,1009.9,11.1,0.4,61.0,Canberra
52.0,63.0,6.2,4.0,1022.7,19.4,0.0,39.0,MountGambier
59.0,76.0,3.5,5.0,1025.1,14.2,0.0,30.0,Canberra
45.0,56.0,10.1,2.0,1008.8,31.0,0.0,30.0,Darwin
65.0,74.0,4.8,5.0,1013.0,22.7,0.0,39.0,NorfolkIsland
84.0,96.0,,,1026.7,13.5,14.2,30.0,Walpole
62.0,64.0,,,1011.0,25.5,0.2,41.0,GoldCoast
53.0,82.0,10.8,1.0,1010.0,28.3,0.0,31.0,Darwin
66.0,47.0,9.9,4.0,1012.8,16.7,0.0,50.0,MountGambier
68.0,86.0,6.3,,1015.5,12.8,4.4,54.0,Dartmoor
43.0,65.0,,,1016.1,16.4,0.0,56.0,Ballarat
66.0,77.0,9.4,5.0,1021.7,23.0,0.0,,Sydney
83.0,94.0,,,,12.7,0.8,39.0,SalmonGums
90.0,98.0,,8.0,1023.7,15.6,68.6,41.0,Richmond
77.0,80.0,,,1022.3,18.1,0.0,39.0,NorahHead
14.0,20.0,,,1004.5,39.1,0.0,54.0,Uluru
85.0,86.0,,8.0,1002.5,22.6,0.0,44.0,Wollongong
66.0,100.0,,1.0,1018.4,14.4,0.2,24.0,Albury
52.0,99.0,,,1029.6,19.8,0.0,19.0,Sale
48.0,47.0,11.6,2.0,1009.6,32.3,0.0,37.0,Darwin
52.0,96.0,,,1031.2,14.3,0.2,20.0,Nhil
64.0,60.0,7.8,7.0,1006.0,28.7,0.0,28.0,Brisbane
57.0,67.0,,,,15.0,0.0,30.0,SalmonGums
64.0,92.0,3.4,7.0,1000.8,24.5,14.0,33.0,WaggaWagga
37.0,77.0,,,1020.2,21.8,0.0,41.0,Nhil
14.0,23.0,,,1016.4,38.1,0.0,26.0,Adelaide
39.0,52.0,9.3,6.0,1008.3,20.8,0.0,54.0,Hobart
97.0,100.0,,,,0.9,0.0,31.0,MountGinini
82.0,81.0,,8.0,1020.7,13.3,0.0,30.0,Canberra
19.0,37.0,,,1010.2,28.4,,44.0,GoldCoast
23.0,66.0,,,1012.7,36.2,0.0,31.0,BadgerysCreek
51.0,67.0,,,1024.9,12.0,17.2,46.0,Walpole
57.0,70.0,,1.0,1011.9,16.5,0.0,28.0,Bendigo
86.0,79.0,4.7,8.0,1013.0,11.7,2.8,76.0,Sale
31.0,49.0,9.6,1.0,1018.1,14.3,0.6,54.0,Sydney
79.0,98.0,,,1031.2,9.8,0.0,7.0,Launceston
37.0,71.0,,,1022.4,24.5,0.0,22.0,Richmond
61.0,68.0,,,1021.5,19.6,0.0,31.0,Wollongong
63.0,67.0,,,,21.3,0.0,50.0,SalmonGums
,88.0,,,1006.0,,49.0,31.0,Katherine
39.0,68.0,9.4,1.0,1027.4,21.8,0.0,31.0,Moree
24.0,46.0,7.8,3.0,1007.2,28.1,0.0,59.0,PerthAirport
24.0,47.0,,,,30.0,0.0,35.0,SalmonGums
62.0,77.0,,,1019.1,24.2,1.2,39.0,NorahHead
39.0,63.0,10.5,1.0,1009.9,31.6,0.0,39.0,Darwin
51.0,93.0,,1.0,1016.7,14.0,0.2,17.0,Albury
35.0,71.0,7.3,6.0,1001.9,21.5,0.0,46.0,Sydney
44.0,43.0,,,1015.1,20.6,0.0,61.0,Williamtown
43.0,90.0,7.6,,1024.8,12.5,0.0,19.0,Canberra
79.0,61.0,,,1027.1,13.5,1.0,35.0,Adelaide
100.0,99.0,0.0,8.0,1004.8,9.8,5.2,63.0,Watsonia
54.0,82.0,10.0,6.0,1007.6,22.2,3.2,37.0,Mildura
56.0,69.0,6.6,5.0,1012.9,19.1,0.0,31.0,Watsonia
30.0,13.0,,,1004.2,37.8,0.0,43.0,Uluru
91.0,97.0,,8.0,1007.6,15.1,6.4,63.0,MountGambier
47.0,99.0,,,,16.6,8.2,91.0,MountGinini
,97.0,,,,,0.0,,Newcastle
,81.0,7.6,,1024.1,,0.0,,Albany
49.0,53.0,,,1018.0,19.6,0.0,59.0,GoldCoast
55.0,68.0,9.5,,1024.6,16.2,0.0,26.0,Hobart
68.0,96.0,,8.0,1027.2,18.5,1.4,26.0,CoffsHarbour
34.0,57.0,9.8,6.0,1020.0,20.6,0.0,30.0,Moree
57.0,59.0,10.8,3.0,1019.3,24.2,7.8,26.0,Brisbane
51.0,58.0,1.4,,1004.7,18.4,0.2,56.0,Adelaide
64.0,87.0,5.4,,1024.3,12.6,8.0,52.0,Melbourne
9.0,28.0,13.8,1.0,1010.6,33.4,0.0,33.0,Nuriootpa
59.0,65.0,9.8,1.0,1010.1,30.3,0.0,39.0,Darwin
73.0,100.0,,,1012.9,24.8,0.4,24.0,Walpole
58.0,63.0,,,,16.7,1.0,37.0,MountGinini
34.0,62.0,,,1015.8,20.2,0.0,48.0,Ballarat
72.0,94.0,5.9,,1015.6,16.7,3.8,41.0,Dartmoor
58.0,84.0,,7.0,,22.2,0.2,,Newcastle
69.0,90.0,,,,11.0,8.6,48.0,SalmonGums
64.0,100.0,,,1031.8,11.5,0.8,33.0,Nhil
88.0,93.0,,7.0,1003.1,24.6,40.8,54.0,Bendigo
78.0,,,,1015.5,21.5,,50.0,BadgerysCreek
19.0,41.0,11.4,5.0,1014.4,35.2,0.0,37.0,Mildura
45.0,80.0,,,1016.2,18.7,0.2,24.0,Albury
60.0,55.0,,,1014.0,22.6,0.4,31.0,Wollongong
61.0,61.0,,,1017.0,14.0,15.8,63.0,Witchcliffe
,,,,,,,37.0,MountGinini
65.0,76.0,5.2,6.0,1020.1,22.8,0.0,,Albany
28.0,44.0,11.6,3.0,1016.8,29.7,0.0,,Sydney
90.0,69.0,,,,15.4,0.0,48.0,SalmonGums
77.0,100.0,,,1023.4,16.1,9.8,39.0,Witchcliffe
85.0,74.0,,,1013.1,19.7,0.0,33.0,Launceston
98.0,98.0,,,,-0.7,1.2,65.0,MountGinini
32.0,44.0,6.1,2.0,1006.7,19.2,0.0,48.0,Watsonia
81.0,31.0,1.3,7.0,1006.3,21.1,0.0,59.0,PearceRAAF
62.0,61.0,,,,20.3,0.2,30.0,Penrith
31.0,71.0,,,1019.9,22.9,0.0,30.0,AliceSprings
39.0,66.0,10.8,1.0,1018.7,16.3,0.0,30.0,WaggaWagga
,68.0,,,1022.1,,1.0,,Albany
27.0,36.0,12.8,1.0,1012.9,22.3,0.0,43.0,SydneyAirport
60.0,61.0,,,1024.5,17.9,0.0,43.0,Witchcliffe
27.0,58.0,9.0,7.0,1020.3,21.9,0.2,43.0,Woomera
37.0,60.0,,,,24.0,0.0,50.0,SalmonGums
59.0,65.0,,3.0,,25.4,0.0,,Newcastle
44.0,91.0,,,,17.0,0.0,39.0,SalmonGums
57.0,74.0,,7.0,1010.0,13.2,0.0,41.0,Bendigo
24.0,56.0,10.0,0.0,1016.5,22.6,0.0,20.0,Brisbane
69.0,90.0,3.8,6.0,1007.5,30.0,7.4,61.0,Darwin
71.0,72.0,,7.0,1020.4,17.2,0.0,30.0,Portland
88.0,56.0,0.3,8.0,1012.0,12.6,0.0,37.0,MelbourneAirport
71.0,96.0,4.1,,1013.7,14.8,0.8,35.0,Dartmoor
60.0,94.0,,8.0,995.2,16.4,27.8,48.0,Richmond
33.0,10.0,,,,24.9,0.0,37.0,MountGinini
47.0,59.0,,,1019.3,10.8,0.0,41.0,Tuggeranong
,91.0,,,,22.2,0.2,26.0,Penrith
66.0,65.0,,,1021.0,16.1,0.0,39.0,Witchcliffe
80.0,73.0,,8.0,999.9,23.6,0.0,61.0,Wollongong
34.0,39.0,,,1015.8,21.8,0.0,37.0,CoffsHarbour
27.0,42.0,9.9,2.0,1010.8,29.9,0.0,46.0,PearceRAAF
32.0,62.0,,1.0,1008.2,26.0,0.0,61.0,Woomera
98.0,99.0,,8.0,1009.7,10.4,1.2,61.0,Ballarat
38.0,70.0,7.0,,1023.8,18.7,,33.0,Melbourne
39.0,72.0,,,1020.7,14.7,0.0,37.0,Uluru
56.0,58.0,10.9,2.0,1017.7,21.6,0.0,39.0,NorfolkIsland
75.0,90.0,8.3,7.0,1012.6,11.2,4.6,57.0,Nuriootpa
44.0,64.0,,,999.0,18.5,78.4,46.0,Richmond
31.0,62.0,,,,23.5,0.0,35.0,SalmonGums
87.0,68.0,,,1012.0,25.3,0.0,39.0,GoldCoast
46.0,58.0,,,,26.7,0.0,37.0,Penrith
53.0,84.0,7.5,6.0,1014.0,21.3,0.0,26.0,Watsonia
31.0,50.0,9.2,7.0,1014.5,28.9,0.0,43.0,Nuriootpa
78.0,98.0,,,,7.3,0.0,39.0,MountGinini
56.0,75.0,,,1013.2,23.6,0.0,37.0,NorahHead
53.0,62.0,,,1009.5,25.1,0.0,30.0,CoffsHarbour
78.0,100.0,,,1017.3,16.3,6.0,33.0,Walpole
50.0,66.0,9.0,3.0,1020.1,20.0,0.0,19.0,Brisbane
30.0,63.0,9.7,1.0,1012.5,29.9,0.0,30.0,Perth
67.0,67.0,,,1010.0,25.4,0.0,41.0,NorahHead
32.0,30.0,,,1007.6,22.6,0.0,65.0,Williamtown
28.0,53.0,10.5,6.0,1013.8,27.2,0.0,46.0,Nuriootpa
49.0,49.0,7.6,,1012.5,20.1,0.0,,Sydney
64.0,49.0,5.6,6.0,1019.8,22.7,0.0,39.0,Mildura
40.0,57.0,8.9,5.0,1013.7,27.1,0.0,39.0,Perth
48.0,72.0,,,1027.0,22.2,0.0,33.0,Witchcliffe
46.0,63.0,11.8,3.0,1008.1,32.4,3.6,35.0,Cairns
73.0,86.0,4.2,7.0,1018.7,22.3,8.0,15.0,Brisbane
58.0,62.0,10.8,4.0,1013.4,27.9,0.0,35.0,Townsville
32.0,65.0,,,1017.8,18.9,0.0,61.0,Nhil
62.0,31.0,0.3,7.0,1017.1,24.4,0.0,56.0,MelbourneAirport
87.0,80.0,,8.0,1018.6,15.2,0.2,57.0,Wollongong
63.0,78.0,0.0,7.0,1024.8,14.7,0.6,19.0,Melbourne
35.0,73.0,,7.0,1024.4,19.5,0.0,13.0,Mildura
72.0,81.0,4.5,6.0,1008.8,13.1,1.6,,Albany
17.0,30.0,13.1,1.0,1010.8,33.7,0.0,46.0,Perth
86.0,86.0,,7.0,1025.8,12.0,0.0,30.0,Sale
71.0,65.0,,8.0,1018.9,17.5,0.0,56.0,Sale
81.0,91.0,0.4,8.0,1023.1,7.8,25.6,67.0,Hobart
44.0,84.0,,,1021.0,19.0,0.0,31.0,Launceston
23.0,42.0,11.5,5.0,1003.7,25.9,0.0,50.0,WaggaWagga
59.0,70.0,,8.0,1015.5,27.4,0.0,28.0,Richmond
67.0,75.0,,,1017.4,20.9,0.0,33.0,Portland
42.0,39.0,7.8,5.0,1005.6,18.6,0.0,,SydneyAirport
12.0,33.0,11.3,0.0,1012.7,30.0,0.0,48.0,Darwin
47.0,56.0,12.1,1.0,1013.5,28.9,0.0,30.0,Brisbane
48.0,99.0,7.8,1.0,1017.2,23.4,3.4,39.0,Watsonia
88.0,86.0,4.1,7.0,1010.7,27.0,1.2,33.0,Cairns
59.0,62.0,,,1020.9,22.7,0.0,28.0,CoffsHarbour
48.0,65.0,,6.0,1017.6,17.5,11.8,56.0,Canberra
20.0,53.0,,,,27.0,0.0,35.0,SalmonGums
40.0,57.0,,,,33.0,0.0,31.0,Penrith
54.0,88.0,0.0,8.0,1006.4,25.0,1.4,35.0,MelbourneAirport
82.0,79.0,,8.0,1011.6,21.8,113.8,57.0,CoffsHarbour
8.0,38.0,10.5,1.0,1005.7,32.9,0.0,56.0,Moree
36.0,79.0,,,1028.8,14.7,0.0,19.0,Canberra
64.0,58.0,,,1020.7,18.7,0.0,67.0,NorahHead
35.0,65.0,,2.0,1007.7,36.8,0.0,22.0,Katherine
88.0,96.0,,,,12.8,5.4,26.0,SalmonGums
32.0,71.0,,,1019.9,31.1,0.0,28.0,Tuggeranong
61.0,82.0,7.6,,1025.9,16.2,0.0,37.0,Dartmoor
57.0,76.0,8.1,6.0,1009.1,32.0,0.0,35.0,Darwin
32.0,49.0,,,1015.8,14.6,0.0,59.0,Wollongong
42.0,68.0,13.3,,1009.3,27.1,0.0,37.0,Dartmoor
27.0,57.0,,1.0,1006.1,21.8,1.2,41.0,Bendigo
33.0,54.0,,,1016.2,25.7,0.0,24.0,Cobar
100.0,100.0,0.0,8.0,1011.9,12.8,6.2,11.0,Melbourne
,,,,,,,28.0,NorahHead
44.0,71.0,10.8,2.0,1010.1,31.8,0.0,33.0,Darwin
99.0,100.0,,,,15.1,1.2,15.0,Penrith
95.0,100.0,,,1024.0,12.5,4.6,15.0,Tuggeranong
68.0,72.0,3.6,2.0,1015.2,14.4,0.2,46.0,Portland
6.0,20.0,,1.0,1011.9,38.3,0.0,33.0,Cobar
90.0,79.0,0.0,8.0,1010.2,16.4,0.2,83.0,SydneyAirport
99.0,99.0,,,,12.9,15.6,59.0,MountGinini
52.0,58.0,8.5,1.0,1030.2,15.9,0.0,28.0,SydneyAirport
32.0,69.0,,,,24.9,0.8,37.0,SalmonGums
67.0,72.0,8.5,6.0,1001.0,13.8,10.6,,Albany
23.0,51.0,,,1002.6,40.5,0.0,69.0,Richmond
42.0,85.0,,7.0,1006.7,18.0,19.0,46.0,Bendigo
66.0,56.0,,,1020.3,21.4,0.0,46.0,Wollongong
60.0,80.0,8.0,6.0,1027.2,13.2,0.0,33.0,WaggaWagga
40.0,60.0,9.0,,1018.1,23.4,0.0,44.0,Dartmoor
17.0,35.0,,,1010.2,30.2,0.0,52.0,Cobar
69.0,71.0,8.6,,1020.1,14.3,6.0,54.0,Portland
40.0,47.0,,,,17.6,0.0,56.0,MountGinini
38.0,58.0,,,1014.3,21.8,0.2,33.0,Canberra
24.0,35.0,11.0,0.0,1015.3,23.3,0.0,35.0,AliceSprings
58.0,81.0,1.8,7.0,1014.9,29.2,1.6,31.0,Brisbane
16.0,27.0,,,1016.2,28.2,0.0,22.0,Uluru
22.0,31.0,,,1010.7,24.1,0.0,39.0,Launceston
66.0,91.0,3.1,4.0,1012.6,13.3,8.8,43.0,WaggaWagga
71.0,100.0,,,1011.6,23.6,2.8,19.0,BadgerysCreek
63.0,85.0,7.6,2.0,1009.1,29.6,0.0,20.0,Brisbane
60.0,76.0,3.7,7.0,1022.4,11.2,0.0,39.0,MelbourneAirport
35.0,75.0,,,1020.9,18.2,0.0,24.0,Tuggeranong
15.0,44.0,10.8,0.0,1009.1,23.0,0.0,69.0,Woomera
84.0,39.0,0.3,8.0,1011.6,17.6,0.0,44.0,Nuriootpa
48.0,70.0,10.1,1.0,1018.3,22.6,0.2,26.0,Brisbane
45.0,51.0,13.0,1.0,1012.0,27.2,0.0,44.0,Sydney
56.0,79.0,7.8,2.0,1022.7,11.9,2.8,,Mildura
95.0,83.0,,,1009.6,16.5,15.2,39.0,Walpole
97.0,97.0,0.0,8.0,1008.6,19.7,9.0,28.0,MountGambier
39.0,74.0,10.8,0.0,,21.5,0.0,,Woomera
34.0,43.0,,,,21.4,0.0,48.0,SalmonGums
18.0,58.0,11.9,1.0,1012.6,34.4,0.0,52.0,Woomera
83.0,79.0,1.6,7.0,1020.8,15.1,19.6,48.0,NorfolkIsland
80.0,69.0,,,,19.3,0.0,24.0,Penrith
52.0,74.0,10.6,1.0,1019.5,22.8,0.0,28.0,Williamtown
49.0,96.0,,,1011.8,21.1,,28.0,Cobar
39.0,55.0,6.5,3.0,1020.3,18.1,0.0,46.0,Nuriootpa
25.0,18.0,10.8,7.0,1010.0,23.8,0.0,57.0,Nuriootpa
60.0,60.0,,,1016.1,26.5,0.0,41.0,GoldCoast
59.0,78.0,4.5,7.0,1015.0,16.5,0.0,30.0,MelbourneAirport
31.0,38.0,,,1017.1,24.5,0.0,48.0,Richmond
85.0,90.0,,,,14.7,1.2,30.0,SalmonGums
100.0,100.0,0.0,,1008.0,12.3,5.0,26.0,Dartmoor
37.0,25.0,,,,27.5,0.0,46.0,SalmonGums
49.0,63.0,10.7,5.0,1009.0,33.2,0.0,39.0,Darwin
,82.0,,8.0,1016.3,23.9,0.5,24.0,CoffsHarbour
63.0,97.0,6.4,8.0,1014.6,15.1,41.2,37.0,PearceRAAF
7.0,48.0,11.0,0.0,1014.7,32.2,0.0,44.0,Darwin
24.0,39.0,13.2,0.0,1010.9,33.8,0.0,46.0,Perth
33.0,68.0,,,1017.4,24.1,0.0,33.0,Launceston
60.0,72.0,6.8,6.0,1008.3,19.6,4.2,,SydneyAirport
40.0,72.0,,,1014.4,26.6,0.0,28.0,Witchcliffe
37.0,39.0,10.8,,1006.9,28.5,0.0,69.0,Portland
11.0,29.0,,,1022.9,34.2,0.0,28.0,Moree
51.0,63.0,7.9,4.0,1025.2,15.3,0.0,41.0,MelbourneAirport
59.0,81.0,,,1015.9,25.9,0.0,33.0,Williamtown
16.0,40.0,,,1017.6,28.5,0.0,31.0,Uluru
88.0,80.0,1.0,7.0,1020.1,15.9,0.8,50.0,Portland
22.0,49.0,12.5,1.0,1009.9,25.6,0.0,31.0,WaggaWagga
8.0,9.0,11.4,2.0,1012.9,36.7,0.0,37.0,AliceSprings
45.0,88.0,7.1,0.0,1031.7,14.4,0.0,20.0,Mildura
36.0,62.0,9.5,1.0,1023.2,17.8,0.0,37.0,Sydney
62.0,83.0,7.1,6.0,1010.5,25.0,37.0,30.0,Townsville
78.0,72.0,5.1,7.0,1019.5,23.1,0.0,70.0,Williamtown
80.0,83.0,,8.0,1023.4,18.7,2.0,48.0,NorfolkIsland
38.0,87.0,,,1024.7,16.4,0.0,24.0,Richmond
53.0,59.0,8.3,5.0,1015.5,22.4,0.0,48.0,SydneyAirport
60.0,89.0,7.5,6.0,1013.8,18.5,0.2,37.0,Perth
61.0,95.0,,4.0,,27.9,0.0,,Newcastle
52.0,59.0,,,,19.5,37.2,44.0,Penrith
63.0,63.0,,,,23.6,0.0,,CoffsHarbour
18.0,29.0,,,1015.9,27.6,0.0,28.0,Uluru
29.0,61.0,,,1017.7,17.6,0.0,43.0,Uluru
100.0,100.0,,8.0,1027.1,10.9,0.2,26.0,Ballarat
70.0,77.0,,,999.9,20.4,0.0,48.0,Witchcliffe
72.0,72.0,5.4,7.0,1004.2,19.0,0.0,,Albany
27.0,63.0,,7.0,1007.0,28.0,0.0,33.0,Albury
35.0,36.0,8.3,6.0,1004.3,14.5,0.0,76.0,Sydney
57.0,47.0,,,1012.6,17.2,0.0,69.0,Woomera
64.0,64.0,10.4,2.0,1004.5,30.8,0.2,35.0,Cairns
23.0,53.0,10.7,1.0,1012.3,33.2,0.0,52.0,Darwin
42.0,58.0,1.2,7.0,1007.7,15.2,0.0,67.0,MelbourneAirport
51.0,68.0,8.0,3.0,1018.8,17.1,0.0,39.0,PerthAirport
64.0,71.0,5.6,,1019.8,15.9,0.0,54.0,Dartmoor
86.0,91.0,,8.0,1020.7,17.2,27.6,61.0,Wollongong
34.0,79.0,9.0,5.0,1020.9,14.7,0.0,43.0,Woomera
65.0,65.0,11.1,1.0,1008.7,23.8,0.2,48.0,Sydney
81.0,100.0,3.4,6.0,1029.3,13.3,3.2,24.0,Watsonia
90.0,98.0,1.5,7.0,1004.1,24.4,2.6,31.0,Woomera
35.0,55.0,,,,17.8,0.0,26.0,SalmonGums
46.0,56.0,13.3,1.0,1013.8,24.3,0.0,39.0,Perth
66.0,62.0,11.7,1.0,1013.5,28.6,0.4,41.0,Townsville
88.0,95.0,1.4,7.0,1023.3,12.8,0.2,33.0,MelbourneAirport
48.0,92.0,10.3,,1015.5,22.5,0.0,37.0,Dartmoor
,98.0,,,,,11.0,46.0,MountGinini
32.0,56.0,,,1013.5,29.5,0.0,35.0,Witchcliffe
26.0,39.0,,,,35.6,0.0,33.0,Penrith
48.0,59.0,11.1,2.0,1020.5,18.4,1.0,30.0,MountGambier
89.0,89.0,0.0,8.0,1021.7,17.7,8.0,44.0,Brisbane
81.0,91.0,5.7,7.0,1014.9,21.2,2.2,31.0,Perth
24.0,61.0,9.2,5.0,1018.7,20.8,0.0,37.0,Nuriootpa
97.0,100.0,0.0,7.0,1009.0,13.8,1.6,43.0,Watsonia
25.0,24.0,12.7,1.0,1002.0,33.9,0.0,61.0,AliceSprings
20.0,38.0,5.7,7.0,1020.4,31.4,0.0,43.0,Mildura
29.0,54.0,,,1013.3,34.9,0.0,31.0,Albury
54.0,67.0,9.0,7.0,1007.2,26.0,0.4,31.0,Perth
37.0,49.0,7.2,,1022.7,19.0,0.0,,PearceRAAF
40.0,59.0,,,1022.4,28.1,0.0,37.0,Witchcliffe
59.0,48.0,7.3,7.0,1016.7,22.7,0.0,50.0,SydneyAirport
70.0,68.0,,,1009.2,21.3,0.4,67.0,NorahHead
56.0,66.0,10.4,3.0,1011.6,28.1,0.2,37.0,Cairns
68.0,57.0,10.5,3.0,1003.2,32.3,0.0,37.0,Cairns
,78.0,,,1022.3,,5.0,,Albany
57.0,64.0,,,1013.2,26.3,0.0,31.0,BadgerysCreek
72.0,86.0,,,1012.4,27.6,10.4,52.0,GoldCoast
48.0,59.0,11.2,3.0,1021.2,23.9,0.0,41.0,Hobart
47.0,64.0,,,1015.5,17.6,0.0,46.0,Dartmoor
51.0,47.0,12.5,0.0,1014.4,27.3,0.0,26.0,Brisbane
79.0,76.0,5.9,7.0,1014.4,20.2,0.0,,Albany
71.0,75.0,0.2,8.0,1015.5,25.1,3.4,15.0,Brisbane
59.0,74.0,,,1009.9,15.0,1.4,52.0,Ballarat
74.0,83.0,9.7,5.0,1011.7,23.9,0.8,37.0,NorfolkIsland
75.0,85.0,3.9,5.0,1021.1,21.3,3.2,52.0,Sale
46.0,90.0,7.3,1.0,1023.1,16.5,2.0,28.0,Perth
16.0,76.0,,,,30.3,0.0,48.0,Penrith
73.0,86.0,,,,20.5,0.0,26.0,Penrith
86.0,77.0,,,1022.6,18.7,29.8,48.0,GoldCoast
49.0,47.0,9.8,6.0,1001.2,22.9,0.0,43.0,Hobart
74.0,81.0,4.1,8.0,1002.1,14.1,0.8,35.0,MountGambier
69.0,92.0,,,1010.4,14.3,0.4,57.0,Adelaide
64.0,99.0,8.2,,1003.8,23.2,73.6,44.0,Dartmoor
57.0,97.0,9.4,1.0,1021.8,17.5,0.2,22.0,Portland
55.0,62.0,,,1015.5,25.4,0.0,35.0,Walpole
71.0,72.0,5.7,,1012.6,12.5,,39.0,Melbourne
,63.0,,1.0,1010.4,34.0,0.0,37.0,Katherine
40.0,72.0,7.0,4.0,1015.8,19.4,0.0,,Albany
77.0,99.0,,8.0,995.4,24.4,2.8,35.0,Bendigo
55.0,94.0,,,1026.4,15.6,0.0,31.0,Ballarat
20.0,49.0,,,,28.9,2.6,33.0,SalmonGums
29.0,80.0,,,1017.4,28.3,0.0,31.0,BadgerysCreek
23.0,27.0,11.0,0.0,1013.0,28.8,0.0,46.0,Darwin
58.0,73.0,3.2,7.0,1030.2,11.4,0.0,39.0,Hobart
53.0,53.0,,,1007.9,22.7,0.0,43.0,Witchcliffe
93.0,97.0,,8.0,,10.4,10.2,30.0,Launceston
30.0,37.0,9.0,2.0,1009.3,17.7,0.0,80.0,Hobart
65.0,97.0,2.0,,1006.6,17.5,20.0,31.0,Adelaide
39.0,66.0,,,1008.6,27.8,0.0,43.0,Walpole
65.0,70.0,,,1012.2,30.9,0.0,46.0,NorahHead
73.0,74.0,2.3,7.0,1010.1,28.2,0.0,41.0,Townsville
82.0,94.0,3.4,7.0,1014.0,20.5,11.2,39.0,Perth
64.0,67.0,5.6,5.0,1018.8,11.4,7.2,65.0,Portland
50.0,68.0,,,1026.5,19.7,0.0,30.0,Canberra
60.0,68.0,,,1012.8,27.8,0.0,39.0,Cairns
56.0,82.0,8.5,7.0,1026.4,15.8,0.0,30.0,MelbourneAirport
60.0,86.0,,,,22.1,0.0,33.0,SalmonGums
27.0,62.0,,,1011.4,27.0,0.0,41.0,Canberra
71.0,78.0,6.6,4.0,1017.0,14.7,13.6,107.0,SydneyAirport
73.0,77.0,,,1015.1,10.9,26.8,44.0,Tuggeranong
66.0,77.0,7.5,,1015.9,17.6,0.2,41.0,Portland
67.0,66.0,,1.0,1017.5,22.1,0.0,31.0,NorfolkIsland
72.0,,,,,26.0,15.6,24.0,Penrith
79.0,89.0,,,1017.3,22.8,0.0,35.0,NorahHead
19.0,49.0,,,1004.8,34.2,0.0,41.0,Richmond
43.0,47.0,0.0,7.0,1020.3,20.6,0.0,46.0,Watsonia
23.0,66.0,,,1010.2,30.2,1.0,48.0,Woomera
39.0,67.0,6.6,2.0,1010.8,25.4,0.0,52.0,CoffsHarbour
44.0,74.0,,3.0,1023.2,12.2,2.8,31.0,Bendigo
48.0,56.0,8.9,4.0,1012.6,21.5,0.0,46.0,MelbourneAirport
59.0,98.0,,,,24.5,0.0,19.0,Penrith
39.0,56.0,10.2,7.0,1006.2,32.5,0.4,48.0,AliceSprings
24.0,46.0,,1.0,,21.0,0.2,,Newcastle
41.0,64.0,,,1017.1,29.1,0.0,22.0,BadgerysCreek
67.0,79.0,10.4,3.0,1007.2,30.7,0.0,30.0,Townsville
15.0,63.0,,,1017.8,29.5,0.0,35.0,Nhil
49.0,79.0,9.9,1.0,1012.0,25.0,0.0,35.0,Watsonia
79.0,75.0,,,,18.4,0.0,35.0,Penrith
51.0,62.0,3.9,7.0,1026.2,19.0,0.0,35.0,Hobart
62.0,61.0,9.9,3.0,1019.4,15.7,0.0,28.0,Williamtown
27.0,60.0,,1.0,1015.9,30.9,0.0,39.0,Bendigo
48.0,72.0,6.5,7.0,1013.2,19.0,2.0,37.0,Watsonia
59.0,81.0,2.0,5.0,1016.9,23.8,1.2,30.0,Sydney
48.0,76.0,,1.0,1015.2,24.7,0.0,26.0,Canberra
67.0,66.0,7.8,7.0,1012.1,25.6,0.0,46.0,CoffsHarbour
89.0,85.0,,,1005.5,11.8,8.4,61.0,Adelaide
7.0,12.0,11.9,6.0,1015.1,33.9,0.0,30.0,AliceSprings
28.0,68.0,,,1012.8,30.3,0.0,43.0,Tuggeranong
62.0,86.0,,5.0,,15.8,0.6,,Newcastle
98.0,98.0,,,,9.8,3.0,39.0,MountGinini
20.0,52.0,10.3,2.0,1024.1,28.9,0.0,30.0,Perth
93.0,98.0,,8.0,1015.5,15.8,3.2,41.0,Richmond
70.0,83.0,,1.0,1018.1,19.9,7.4,20.0,CoffsHarbour
31.0,67.0,11.2,4.0,1007.8,29.7,0.0,43.0,Moree
58.0,99.0,,,1018.4,14.2,1.2,52.0,Witchcliffe
30.0,64.0,,,1010.5,20.6,0.2,43.0,Ballarat
90.0,87.0,,,1022.4,17.6,5.6,52.0,NorahHead
67.0,82.0,3.2,7.0,1014.7,14.1,22.4,43.0,MelbourneAirport
52.0,67.0,,,,20.9,0.0,30.0,MountGinini
27.0,75.0,5.9,,1023.9,19.3,0.0,19.0,Nuriootpa
83.0,89.0,,,1006.9,10.4,3.6,19.0,Albury
81.0,72.0,2.7,8.0,1011.3,17.0,0.6,,Albany
46.0,62.0,,,1015.3,25.4,0.0,37.0,BadgerysCreek
25.0,53.0,11.7,2.0,1017.8,25.0,0.2,26.0,Nuriootpa
13.0,70.0,11.3,1.0,1019.0,26.3,0.0,31.0,WaggaWagga
25.0,59.0,11.8,7.0,1011.8,34.1,0.0,28.0,Mildura
74.0,100.0,8.2,5.0,1004.7,16.5,0.8,,Albany
,,,,1015.3,16.7,3.4,37.0,Witchcliffe
53.0,76.0,10.3,5.0,1020.9,20.7,5.6,,Sydney
19.0,41.0,12.2,4.0,1007.7,30.7,0.0,65.0,Melbourne
34.0,51.0,12.0,0.0,1018.1,25.8,0.0,33.0,Perth
42.0,78.0,,1.0,1026.6,18.2,0.0,24.0,Bendigo
44.0,60.0,11.4,4.0,1016.7,29.3,0.0,35.0,Perth
78.0,87.0,,,1013.0,20.6,0.0,59.0,Wollongong
40.0,49.0,12.8,0.0,1016.5,25.8,0.0,46.0,PerthAirport
69.0,82.0,,,1020.7,15.7,18.0,63.0,NorahHead
84.0,93.0,3.6,7.0,1030.4,11.5,0.0,19.0,MountGambier
52.0,56.0,,,1015.1,22.8,0.0,41.0,Walpole
89.0,99.0,,,,17.0,0.0,33.0,MountGinini
62.0,68.0,,,1007.9,19.1,2.2,31.0,NorahHead
14.0,48.0,13.1,0.0,1013.7,34.1,0.0,56.0,Woomera
31.0,64.0,,8.0,1013.7,30.3,0.0,54.0,Albury
44.0,73.0,10.3,4.0,1016.1,27.6,0.0,30.0,Watsonia
73.0,78.0,8.2,4.0,1013.5,23.8,0.0,37.0,NorfolkIsland
86.0,78.0,0.0,8.0,1014.8,16.3,0.0,41.0,Moree
87.0,76.0,0.0,7.0,1014.0,16.7,0.2,33.0,Perth
92.0,78.0,3.0,7.0,1003.3,18.8,0.0,,Albany
63.0,69.0,9.3,1.0,1019.6,19.5,0.0,,Albany
40.0,52.0,,,1019.7,21.6,0.0,43.0,BadgerysCreek
48.0,78.0,10.4,5.0,1027.9,14.5,0.6,30.0,MelbourneAirport
33.0,75.0,,,1009.8,20.7,0.0,37.0,Richmond
48.0,83.0,,0.0,,17.5,0.1,,Newcastle
96.0,77.0,,,997.0,14.2,0.2,61.0,Walpole
42.0,70.0,8.0,3.0,1015.3,15.1,3.0,35.0,PerthAirport
54.0,59.0,7.5,7.0,1013.5,26.7,0.0,63.0,Williamtown
56.0,64.0,9.3,7.0,1011.6,24.1,0.0,44.0,SydneyAirport
28.0,45.0,,3.0,1016.2,22.9,0.0,37.0,Cobar
56.0,54.0,,,1014.0,27.0,0.4,43.0,GoldCoast
54.0,68.0,9.4,3.0,1018.4,17.9,0.0,33.0,Nuriootpa
41.0,56.0,,,1014.6,18.1,0.0,39.0,Launceston
27.0,53.0,,,1008.7,28.1,0.0,30.0,Albury
67.0,88.0,2.9,4.0,1030.0,13.4,0.0,20.0,Melbourne
49.0,52.0,,,,20.4,0.0,,CoffsHarbour
77.0,90.0,,,1031.8,16.5,0.8,43.0,NorahHead
68.0,87.0,,,1011.5,15.2,0.0,35.0,Launceston
75.0,73.0,0.4,8.0,1019.3,13.5,0.0,31.0,Portland
41.0,70.0,,8.0,1020.5,17.7,0.0,43.0,Canberra
26.0,53.0,,,1019.3,24.3,0.0,26.0,Albury
11.0,56.0,10.6,1.0,1012.5,33.7,0.0,72.0,SydneyAirport
62.0,76.0,,,1022.4,18.7,0.0,24.0,Walpole
35.0,49.0,10.4,,1021.3,21.7,0.0,44.0,Adelaide
51.0,78.0,7.6,5.0,1019.3,15.5,1.6,35.0,MelbourneAirport
68.0,54.0,8.6,,1006.2,9.8,0.8,52.0,Hobart
27.0,16.0,10.9,1.0,1011.0,24.1,0.0,44.0,Townsville
64.0,58.0,,,,7.6,0.0,31.0,MountGinini
51.0,52.0,,8.0,1015.0,16.4,0.0,30.0,Cobar
49.0,63.0,9.8,7.0,1016.4,21.4,0.0,44.0,MountGambier
46.0,61.0,8.8,5.0,1010.2,17.7,0.6,43.0,Nuriootpa
48.0,54.0,7.3,3.0,1018.5,25.5,1.0,48.0,Townsville
38.0,77.0,,6.0,1019.9,26.5,0.0,28.0,Moree
69.0,74.0,,,1021.0,24.8,0.0,31.0,CoffsHarbour
26.0,34.0,,,1004.8,17.7,0.0,91.0,Williamtown
26.0,67.0,,,1004.1,36.2,0.0,54.0,BadgerysCreek
31.0,32.0,11.1,0.0,1013.8,22.3,0.0,31.0,Townsville
46.0,63.0,,,1016.9,24.6,0.2,28.0,Adelaide
,55.0,,,1009.0,,0.0,,Katherine
60.0,62.0,,,1020.9,17.7,0.0,30.0,Witchcliffe
39.0,55.0,1.9,7.0,1017.7,18.8,0.0,37.0,AliceSprings
44.0,76.0,8.5,7.0,1027.1,19.7,0.0,33.0,PerthAirport
55.0,62.0,4.8,2.0,1016.0,17.7,0.0,,Albany
38.0,64.0,,,1019.9,22.6,0.0,31.0,Tuggeranong
41.0,56.0,,,1014.5,15.4,0.0,41.0,Tuggeranong
25.0,45.0,,,1005.4,24.9,0.0,44.0,Wollongong
14.0,55.0,,,,40.6,0.0,57.0,Penrith
18.0,47.0,,,1020.6,30.6,0.0,41.0,Nhil
,97.0,,,1026.9,,0.4,,Albany
32.0,38.0,,,1009.0,16.7,0.0,41.0,NorahHead
30.0,52.0,10.5,4.0,1007.9,33.9,0.0,56.0,WaggaWagga
69.0,71.0,0.5,7.0,1015.7,21.9,0.0,19.0,NorfolkIsland
79.0,81.0,,8.0,992.9,11.2,7.8,78.0,Portland
92.0,36.0,,8.0,999.7,21.7,0.0,56.0,Bendigo
,65.0,,,,,0.0,,Newcastle
64.0,61.0,2.5,8.0,1014.5,25.4,0.0,35.0,Townsville
21.0,71.0,,0.0,,31.5,0.0,,Newcastle
74.0,85.0,,,1016.5,26.2,0.0,39.0,NorahHead
64.0,66.0,,,1028.1,13.3,,,Witchcliffe
62.0,68.0,,,1027.6,13.1,1.4,24.0,Adelaide
36.0,55.0,,2.0,,17.5,0.0,,Newcastle
68.0,81.0,9.0,4.0,1004.9,31.0,19.6,48.0,Darwin
46.0,71.0,0.3,7.0,1010.3,21.9,0.2,35.0,Sale
34.0,49.0,3.8,7.0,1013.3,19.2,0.0,54.0,Hobart
24.0,43.0,11.4,0.0,1015.4,33.3,0.0,37.0,MelbourneAirport
44.0,93.0,6.3,,1028.4,14.9,0.0,37.0,Mildura
71.0,80.0,,,1008.5,13.8,0.0,48.0,Launceston
45.0,68.0,6.0,7.0,1015.6,14.6,2.2,50.0,MelbourneAirport
32.0,36.0,,3.0,1020.5,19.5,0.0,46.0,Uluru
56.0,89.0,5.4,6.0,1016.4,15.1,13.4,65.0,PearceRAAF
67.0,51.0,5.9,7.0,1013.8,24.8,0.0,28.0,Perth
51.0,50.0,1.9,1.0,1018.4,20.3,0.0,,Canberra
42.0,73.0,,,1008.4,33.7,0.0,46.0,BadgerysCreek
78.0,64.0,,,1010.7,17.4,0.0,65.0,Wollongong
15.0,49.0,10.7,6.0,1008.9,32.8,0.0,46.0,Nuriootpa
32.0,47.0,,,1015.8,24.0,0.0,54.0,Wollongong
71.0,83.0,,,,21.2,2.6,26.0,Penrith
85.0,79.0,0.4,8.0,1014.5,19.5,0.0,61.0,NorfolkIsland
86.0,97.0,,,,22.0,0.0,31.0,Penrith
60.0,62.0,10.5,6.0,1011.4,27.9,0.0,35.0,Townsville
80.0,100.0,,8.0,1023.3,10.7,2.6,33.0,Ballarat
31.0,44.0,9.2,7.0,992.6,22.1,0.0,87.0,Hobart
70.0,89.0,,8.0,1015.4,15.7,49.0,80.0,Wollongong
16.0,20.0,12.7,2.0,1004.2,37.4,0.0,56.0,AliceSprings
31.0,39.0,,,1006.0,20.9,0.0,44.0,Richmond
37.0,56.0,,7.0,1004.6,31.3,0.0,69.0,Williamtown
53.0,68.0,,,1014.7,20.7,0.0,48.0,Tuggeranong
80.0,87.0,7.7,4.0,1000.7,23.0,1.4,52.0,NorfolkIsland
50.0,67.0,9.0,,1017.1,19.3,0.2,26.0,CoffsHarbour
71.0,82.0,,,1027.1,15.7,0.0,31.0,Walpole
84.0,98.0,5.2,,1011.0,15.3,2.0,52.0,Dartmoor
54.0,79.0,,,1020.4,27.2,2.2,28.0,CoffsHarbour
13.0,25.0,11.3,0.0,1022.0,20.6,0.0,41.0,AliceSprings
15.0,36.0,,,1004.6,34.8,0.0,56.0,Richmond
81.0,81.0,,,1017.7,21.0,0.0,22.0,Wollongong
45.0,89.0,10.5,1.0,1014.4,28.0,0.0,31.0,MelbourneAirport
62.0,72.0,9.2,6.0,1021.4,26.9,1.0,48.0,SydneyAirport
57.0,78.0,11.2,1.0,1022.5,22.5,0.2,,Sydney
50.0,61.0,,,1012.3,25.0,0.2,30.0,GoldCoast
28.0,61.0,10.4,0.0,1019.3,23.2,0.0,39.0,PerthAirport
38.0,83.0,,,1018.3,23.1,0.0,26.0,Richmond
35.0,62.0,,,1020.5,25.1,0.0,39.0,Albury
8.0,23.0,13.3,0.0,1007.3,39.6,0.0,43.0,PerthAirport
68.0,95.0,2.8,6.0,1016.8,8.0,0.0,39.0,Canberra
76.0,84.0,,,1019.5,17.0,1.0,30.0,Nhil
43.0,57.0,7.8,3.0,1013.7,21.4,0.0,74.0,Williamtown
69.0,81.0,6.9,7.0,1006.5,9.5,0.4,56.0,MelbourneAirport
59.0,63.0,7.8,3.0,1010.7,30.4,0.0,46.0,Townsville
36.0,72.0,,,1026.1,17.0,0.0,35.0,Uluru
64.0,74.0,3.7,6.0,1008.5,29.1,0.0,39.0,Cairns
45.0,48.0,13.2,1.0,1014.4,27.2,0.0,41.0,Perth
45.0,38.0,10.0,1.0,1026.9,13.5,0.0,52.0,SydneyAirport
47.0,61.0,12.5,6.0,1016.9,17.4,1.2,50.0,MelbourneAirport
98.0,98.0,,,,6.3,0.0,31.0,MountGinini
42.0,46.0,,,,20.6,0.0,,CoffsHarbour
62.0,87.0,5.2,7.0,1002.5,19.1,1.2,56.0,Portland
14.0,33.0,11.6,1.0,1010.3,41.4,0.0,37.0,Cobar
32.0,24.0,,8.0,1004.8,32.6,0.0,41.0,AliceSprings
37.0,42.0,12.3,0.0,1014.8,27.7,0.0,30.0,Perth
20.0,51.0,,,,29.1,0.0,35.0,Penrith
42.0,69.0,,,,27.6,0.0,,Canberra
47.0,50.0,8.4,4.0,1017.4,16.9,0.0,26.0,SydneyAirport
93.0,69.0,,8.0,1004.9,14.3,0.6,83.0,Albury
57.0,69.0,,,1019.0,22.6,3.0,43.0,NorahHead
72.0,88.0,4.7,6.0,1021.2,18.5,0.0,28.0,MountGambier
83.0,84.0,,,1026.9,10.6,9.8,48.0,Witchcliffe
32.0,70.0,,,,28.7,0.0,24.0,Penrith
85.0,93.0,,8.0,998.7,13.6,16.2,43.0,WaggaWagga
57.0,87.0,0.0,,1005.4,26.0,0.0,54.0,Melbourne
,,,,,,0.2,69.0,MountGinini
60.0,95.0,7.3,4.0,1014.5,18.2,8.4,20.0,PearceRAAF
13.0,44.0,7.9,7.0,1004.1,35.0,0.0,81.0,MountGambier
52.0,84.0,5.3,5.0,1025.5,12.8,6.8,26.0,MelbourneAirport
52.0,52.0,10.1,3.0,1018.5,19.3,1.2,30.0,Perth
51.0,80.0,6.1,7.0,1020.5,17.9,0.0,28.0,Portland
92.0,82.0,,,,-1.9,0.0,63.0,MountGinini
20.0,100.0,11.1,,1015.7,34.9,0.0,39.0,Dartmoor
65.0,96.0,,,1010.5,13.9,12.4,20.0,Tuggeranong
54.0,93.0,6.3,5.0,,16.1,0.2,20.0,Portland
60.0,71.0,,,1018.0,19.0,0.0,46.0,Launceston
44.0,61.0,,,1016.4,19.8,0.0,20.0,BadgerysCreek
47.0,55.0,,,1003.1,19.0,0.0,46.0,Walpole
39.0,49.0,6.9,7.0,1024.6,18.2,0.6,43.0,MountGambier
6.0,13.0,12.8,1.0,1008.0,36.5,0.0,37.0,AliceSprings
44.0,75.0,9.5,1.0,1018.0,21.4,0.0,26.0,PerthAirport
47.0,40.0,2.4,,1022.8,13.9,0.0,35.0,Adelaide
26.0,48.0,11.5,,1006.1,26.7,0.0,44.0,Adelaide
67.0,77.0,,,1024.0,16.6,0.6,43.0,Wollongong
38.0,99.0,,,,18.9,0.2,31.0,Penrith
70.0,82.0,,1.0,1009.2,23.4,6.4,44.0,Wollongong
61.0,92.0,,,1029.5,12.4,2.0,46.0,Nhil
62.0,76.0,4.6,7.0,1021.8,23.4,0.6,46.0,Williamtown
57.0,58.0,12.3,2.0,1009.5,29.9,0.6,39.0,Townsville
74.0,88.0,6.6,6.0,1021.1,13.2,5.8,39.0,Portland
64.0,94.0,3.9,6.0,1010.6,10.4,22.0,56.0,Nuriootpa
,100.0,,,,,9.0,,MountGinini
69.0,73.0,,,1034.3,15.9,0.0,24.0,Walpole
67.0,80.0,,,,15.3,0.0,39.0,Launceston
60.0,77.0,,1.0,1020.5,18.5,0.0,33.0,Portland
58.0,97.0,7.3,3.0,1019.2,17.2,2.8,30.0,Perth
,,,,,22.0,0.0,30.0,Penrith
81.0,68.0,,2.0,1002.8,29.1,3.6,46.0,Uluru
20.0,39.0,10.1,4.0,1015.7,31.9,0.0,33.0,AliceSprings
,82.0,,,1004.3,,0.0,28.0,Katherine
43.0,57.0,9.3,3.0,1020.7,17.8,0.0,37.0,PerthAirport
52.0,48.0,12.6,1.0,1014.2,19.4,0.0,35.0,NorfolkIsland
,,,,1020.0,19.2,0.0,41.0,Cobar
60.0,99.0,9.9,,1027.6,15.9,0.4,24.0,Portland
65.0,76.0,7.6,8.0,1019.1,13.1,1.2,52.0,Portland
,,,,1018.1,19.6,6.4,31.0,Witchcliffe
78.0,100.0,,,1018.0,19.4,0.2,20.0,Walpole
11.0,41.0,13.1,1.0,1002.0,40.8,0.0,54.0,Moree
9.0,20.0,,,1016.7,30.4,0.0,39.0,Uluru
71.0,88.0,,7.0,1016.7,17.9,0.2,44.0,MountGambier
34.0,68.0,11.8,1.0,1010.6,32.2,0.0,,Sydney
24.0,63.0,,7.0,1008.8,31.9,0.0,37.0,Bendigo
36.0,63.0,10.2,1.0,1023.4,24.1,0.0,31.0,PerthAirport
67.0,71.0,6.8,7.0,1003.2,30.3,0.2,31.0,Cairns
21.0,50.0,,1.0,1011.0,35.7,0.2,57.0,Bendigo
58.0,84.0,,8.0,1007.6,19.7,0.0,48.0,Canberra
61.0,80.0,2.6,8.0,1017.3,23.2,0.4,46.0,PearceRAAF
24.0,71.0,11.9,1.0,1019.8,27.6,0.2,31.0,Portland
44.0,67.0,,,1015.9,33.3,0.0,33.0,BadgerysCreek
45.0,79.0,8.7,3.0,1023.0,16.6,0.0,30.0,Cobar
23.0,53.0,,,1005.5,22.5,5.2,61.0,Canberra
78.0,100.0,,1.0,,10.9,0.0,41.0,Launceston
,62.0,,,,,0.0,,Newcastle
63.0,62.0,,,1009.5,23.8,0.0,33.0,Witchcliffe
38.0,72.0,3.7,7.0,1012.1,25.3,0.6,54.0,AliceSprings
67.0,81.0,,,1029.3,13.3,0.0,28.0,Walpole
33.0,58.0,,2.0,,20.8,0.0,37.0,Launceston
35.0,35.0,13.0,0.0,1012.1,26.6,0.0,43.0,PerthAirport
71.0,85.0,1.1,7.0,999.4,30.1,64.2,80.0,Darwin
38.0,64.0,10.8,6.0,1022.1,23.1,0.0,33.0,Moree
39.0,56.0,13.0,0.0,1009.0,30.7,0.2,26.0,Brisbane
53.0,50.0,5.0,7.0,1020.0,13.7,0.4,54.0,Hobart
62.0,72.0,11.2,4.0,1014.9,27.5,5.2,33.0,Cairns
21.0,36.0,,,1015.2,21.5,0.0,52.0,Uluru
24.0,51.0,12.3,1.0,1016.0,23.9,0.0,33.0,Moree
71.0,74.0,,,1010.7,25.5,0.0,48.0,NorahHead
55.0,74.0,1.4,7.0,1016.6,19.7,0.6,30.0,PerthAirport
72.0,73.0,,8.0,1023.9,21.2,0.4,46.0,Wollongong
69.0,99.0,,,1007.9,14.1,5.0,11.0,Launceston
73.0,82.0,0.4,8.0,1013.2,15.7,14.8,69.0,Sale
65.0,62.0,4.6,7.0,1002.6,9.4,5.0,83.0,Hobart
73.0,88.0,2.4,7.0,1019.9,16.5,0.8,33.0,PerthAirport
64.0,74.0,,5.0,,17.3,0.0,35.0,Launceston
63.0,69.0,1.3,7.0,1028.1,11.5,0.4,20.0,Portland
94.0,90.0,,,999.6,8.9,22.6,54.0,Launceston
77.0,80.0,,8.0,1013.8,18.1,0.0,43.0,Ballarat
66.0,93.0,,,,15.0,0.2,15.0,Penrith
5.0,11.0,11.4,,1014.0,30.2,0.0,26.0,AliceSprings
46.0,81.0,,3.0,1013.1,14.1,31.0,61.0,Bendigo
51.0,82.0,5.2,7.0,1024.9,15.3,0.0,30.0,Mildura
38.0,53.0,,,1008.3,18.8,0.2,43.0,Tuggeranong
,,5.4,,1027.9,11.3,0.6,48.0,Dartmoor
36.0,84.0,10.6,3.0,1015.1,26.7,0.2,48.0,Sale
53.0,81.0,,8.0,1028.7,14.3,0.0,33.0,Bendigo
47.0,99.0,,,1022.1,15.0,0.0,20.0,Albury
56.0,96.0,5.7,3.0,1024.7,15.7,14.8,35.0,Perth
51.0,91.0,,,1009.7,34.4,0.0,59.0,Wollongong
87.0,98.0,4.0,,1019.1,11.9,0.4,24.0,Dartmoor
50.0,52.0,,1.0,1015.8,19.4,0.0,43.0,Albury
25.0,60.0,6.8,4.0,1021.8,25.2,0.0,44.0,MountGambier
22.0,37.0,11.5,0.0,1014.5,30.1,0.0,35.0,Mildura
40.0,57.0,10.6,6.0,1019.9,26.6,0.0,31.0,Cobar
53.0,52.0,12.3,1.0,1010.6,28.8,0.0,33.0,Brisbane
64.0,61.0,,,1005.1,22.9,0.0,59.0,Tuggeranong
70.0,80.0,,,,17.5,0.0,54.0,SalmonGums
57.0,67.0,,,1008.2,21.8,0.0,37.0,GoldCoast
,,,,1015.7,14.9,0.0,48.0,Witchcliffe
63.0,82.0,8.9,5.0,1015.2,17.9,0.0,,Albany
57.0,86.0,,,1014.1,20.0,0.2,44.0,Bendigo
53.0,78.0,8.9,7.0,1008.8,18.2,0.8,44.0,MountGambier
62.0,98.0,,,1014.9,15.7,1.0,9.0,Launceston
55.0,80.0,,,1005.2,18.1,0.0,35.0,NorahHead
46.0,57.0,8.0,4.0,1016.6,13.8,0.0,35.0,Hobart
65.0,98.0,,7.0,1022.8,15.4,0.0,30.0,Ballarat
20.0,58.0,10.2,7.0,1009.6,36.6,0.0,41.0,MountGambier
41.0,60.0,11.6,1.0,1030.2,19.1,0.0,30.0,Hobart
36.0,82.0,8.6,1.0,1015.6,17.8,0.0,39.0,Canberra
42.0,62.0,10.2,2.0,1020.5,20.1,0.4,41.0,PerthAirport
51.0,63.0,10.6,1.0,1013.7,28.3,0.0,31.0,Townsville
86.0,95.0,,4.0,1016.4,22.2,32.6,37.0,Wollongong
48.0,73.0,,,1007.5,24.6,0.0,30.0,Launceston
56.0,67.0,9.4,6.0,1010.2,29.6,0.0,,Townsville
76.0,67.0,3.1,7.0,1012.6,12.3,0.0,41.0,MountGambier
72.0,71.0,,6.0,1023.8,19.2,13.0,63.0,Wollongong
24.0,38.0,,3.0,998.2,37.4,0.0,83.0,Moree
46.0,62.0,9.4,2.0,1013.8,23.5,0.0,28.0,Cairns
99.0,98.0,,,,20.1,4.8,24.0,Penrith
14.0,45.0,,1.0,1005.4,41.4,0.0,44.0,Uluru
58.0,62.0,8.9,1.0,1010.4,19.4,2.2,72.0,NorfolkIsland
87.0,100.0,1.4,7.0,1015.6,21.9,13.8,52.0,SydneyAirport
65.0,63.0,,,1018.2,8.5,0.0,35.0,Tuggeranong
64.0,44.0,10.6,7.0,1007.9,16.6,0.0,69.0,Sale
43.0,61.0,,,1015.9,21.5,0.0,48.0,Bendigo
23.0,53.0,,,1018.8,20.1,0.0,24.0,Uluru
71.0,99.0,,,1026.3,16.1,1.6,15.0,BadgerysCreek
50.0,65.0,8.5,5.0,1014.0,21.2,0.0,31.0,Watsonia
89.0,75.0,,8.0,1010.6,16.4,0.0,83.0,Wollongong
69.0,70.0,5.8,7.0,1016.5,20.8,0.0,54.0,NorfolkIsland
74.0,51.0,9.1,4.0,1017.9,21.6,0.0,50.0,SydneyAirport
11.0,27.0,10.7,6.0,1009.1,35.1,0.0,43.0,Mildura
10.0,15.0,11.2,1.0,1009.3,35.0,0.0,52.0,AliceSprings
17.0,66.0,,,,22.8,0.0,41.0,SalmonGums
57.0,64.0,10.6,2.0,1013.2,27.8,0.0,39.0,Townsville
50.0,54.0,,,1011.8,28.2,0.0,43.0,NorahHead
16.0,54.0,,5.0,1015.5,30.1,0.0,43.0,Bendigo
9.0,29.0,,,,33.2,0.0,43.0,SalmonGums
53.0,91.0,8.6,4.0,1010.3,20.8,3.8,54.0,MountGambier
20.0,41.0,10.0,0.0,1021.5,28.0,0.0,41.0,Mildura
46.0,57.0,12.0,1.0,1014.5,29.6,0.0,24.0,Brisbane
43.0,64.0,,,1023.1,23.4,0.0,26.0,Albury
61.0,53.0,7.4,2.0,1028.4,15.0,3.8,,Albany
93.0,83.0,,,1007.4,21.2,3.8,35.0,Tuggeranong
24.0,47.0,,,,30.6,0.0,44.0,SalmonGums
10.0,14.0,13.3,1.0,1002.2,37.6,0.0,61.0,Mildura
66.0,92.0,8.2,2.0,1023.7,15.7,0.2,28.0,Sale
52.0,83.0,8.1,4.0,1020.2,14.2,0.0,30.0,WaggaWagga
76.0,63.0,7.3,7.0,1009.5,18.9,0.0,44.0,PerthAirport
28.0,51.0,10.5,4.0,1016.0,27.9,0.0,39.0,WaggaWagga
60.0,68.0,,,1015.7,18.9,0.0,26.0,NorahHead
63.0,68.0,12.8,4.0,1007.7,26.1,11.8,28.0,CoffsHarbour
76.0,97.0,7.0,,1014.2,12.7,4.6,43.0,Dartmoor
51.0,70.0,10.3,6.0,1015.2,18.1,9.4,52.0,MelbourneAirport
43.0,72.0,,1.0,1029.0,16.4,0.0,20.0,Woomera
30.0,54.0,10.9,0.0,1016.3,27.5,0.0,37.0,AliceSprings
57.0,73.0,,,1015.5,25.8,0.2,35.0,Sale
68.0,64.0,8.8,7.0,,17.2,1.4,,Albany
34.0,61.0,11.4,1.0,1020.0,23.8,0.0,59.0,Sale
39.0,88.0,12.6,,1016.2,27.2,0.0,37.0,Dartmoor
72.0,98.0,,8.0,1020.2,9.8,0.2,41.0,Ballarat
63.0,84.0,5.4,2.0,1020.8,19.1,1.0,17.0,WaggaWagga
58.0,89.0,,,1014.1,14.8,0.0,22.0,Launceston
17.0,33.0,,1.0,1000.2,40.2,0.0,52.0,Uluru
30.0,26.0,,,,19.9,0.2,46.0,MountGinini
48.0,34.0,6.1,7.0,1011.9,21.6,0.0,52.0,Mildura
50.0,65.0,,6.0,1023.4,13.5,0.0,24.0,Cobar
58.0,68.0,9.3,2.0,1014.6,28.2,0.0,43.0,Townsville
50.0,62.0,9.8,3.0,1023.5,17.3,1.0,30.0,NorfolkIsland
23.0,66.0,9.5,3.0,1018.2,19.8,0.0,33.0,Moree
29.0,46.0,7.0,4.0,999.5,34.0,1.4,87.0,MelbourneAirport
54.0,89.0,0.5,7.0,1007.3,28.7,2.4,35.0,Moree
48.0,74.0,,,1022.3,10.5,0.0,28.0,Tuggeranong
57.0,73.0,7.4,7.0,1002.7,8.8,6.0,43.0,Hobart
64.0,64.0,9.9,5.0,1013.6,24.2,0.0,31.0,Townsville
74.0,77.0,4.2,7.0,1023.5,17.6,0.0,37.0,Sydney
67.0,86.0,2.8,7.0,1031.9,16.8,10.6,,Sydney
23.0,43.0,10.0,4.0,1011.2,35.3,0.0,48.0,Mildura
43.0,53.0,,1.0,,22.6,8.2,,Newcastle
53.0,98.0,,,,9.5,14.2,67.0,MountGinini
34.0,78.0,10.8,0.0,1009.0,32.7,0.0,28.0,MelbourneAirport
58.0,48.0,3.9,7.0,987.1,14.4,0.0,89.0,Hobart
39.0,65.0,5.6,6.0,1021.9,16.8,0.0,39.0,Hobart
79.0,85.0,,,1013.7,24.6,0.0,39.0,NorahHead
6.0,31.0,,,1014.3,32.2,0.0,28.0,Cobar
81.0,90.0,,,1009.9,25.5,0.0,30.0,NorahHead
79.0,85.0,,,1014.3,22.0,0.0,48.0,NorahHead
7.0,9.0,13.5,1.0,1008.4,39.8,0.0,43.0,WaggaWagga
30.0,65.0,6.3,7.0,1013.5,17.9,2.6,41.0,Melbourne
36.0,58.0,5.2,,1023.7,24.2,0.0,35.0,Dartmoor
49.0,84.0,,,1022.3,11.1,0.0,20.0,Canberra
37.0,65.0,,3.0,1012.7,28.4,0.0,44.0,Albury
28.0,48.0,,1.0,1021.6,18.5,0.0,48.0,Bendigo
42.0,58.0,11.4,1.0,1022.1,22.5,0.0,28.0,Brisbane
42.0,30.0,,,1019.0,18.9,0.0,30.0,Wollongong
43.0,56.0,12.7,5.0,1017.6,26.2,0.0,41.0,SydneyAirport
71.0,97.0,,,1025.4,13.5,0.0,19.0,Canberra
53.0,81.0,,,1006.4,28.3,0.4,54.0,Nhil
35.0,80.0,6.5,,1021.7,21.0,0.0,30.0,Nuriootpa
55.0,63.0,,,1006.1,27.4,0.0,46.0,Tuggeranong
47.0,67.0,,,1024.9,16.1,0.0,28.0,Albury
60.0,61.0,,,,9.2,0.0,61.0,MountGinini
55.0,62.0,6.7,5.0,1018.9,13.9,10.0,72.0,Portland
38.0,36.0,,,1016.6,18.9,0.0,41.0,GoldCoast
26.0,63.0,,6.0,,37.8,0.0,,Newcastle
80.0,76.0,7.6,8.0,1013.7,21.8,0.0,,Albany
90.0,89.0,0.0,8.0,1011.9,19.4,27.0,30.0,PearceRAAF
59.0,94.0,,,,17.4,0.0,33.0,MountGinini
47.0,44.0,9.2,,1019.0,17.8,0.0,41.0,Hobart
31.0,65.0,,,1013.6,27.6,0.0,39.0,Bendigo
85.0,80.0,0.0,8.0,1015.2,15.2,0.0,46.0,Melbourne
64.0,77.0,,4.0,,25.2,0.0,,Newcastle
63.0,72.0,,,,12.1,0.8,50.0,SalmonGums
67.0,65.0,0.1,8.0,1013.3,11.4,0.2,48.0,Portland
47.0,100.0,6.2,7.0,1017.3,22.1,0.0,41.0,MountGambier
98.0,97.0,,,,13.8,10.8,31.0,MountGinini
83.0,90.0,8.8,7.0,1025.5,11.8,0.0,15.0,Melbourne
74.0,80.0,,7.0,1021.0,20.5,0.0,31.0,Richmond
29.0,32.0,13.2,0.0,1008.3,32.7,0.0,33.0,Perth
74.0,85.0,,,1010.9,22.9,25.0,30.0,Walpole
48.0,60.0,,,1025.1,13.9,0.0,28.0,Adelaide
49.0,57.0,11.9,1.0,1016.3,25.9,0.0,33.0,Perth
60.0,31.0,7.1,7.0,1013.8,25.5,0.0,50.0,AliceSprings
37.0,64.0,,7.0,1015.2,31.4,2.6,33.0,Cobar
87.0,97.0,,,,5.7,0.0,59.0,MountGinini
67.0,73.0,,1.0,1007.2,30.1,0.2,30.0,Cairns
50.0,62.0,11.6,1.0,1013.2,28.2,0.0,43.0,Perth
54.0,60.0,12.1,1.0,1011.5,27.7,0.0,46.0,Sydney
57.0,71.0,13.9,5.0,1014.5,23.0,0.0,41.0,Melbourne
53.0,100.0,8.8,6.0,1023.0,14.0,0.0,15.0,Watsonia
72.0,82.0,9.1,4.0,1017.0,24.2,0.4,48.0,NorfolkIsland
43.0,60.0,10.1,,1019.2,21.1,0.0,35.0,Adelaide
60.0,99.0,8.5,6.0,1008.1,23.0,27.6,35.0,Watsonia
71.0,79.0,6.9,5.0,1006.9,32.4,0.8,39.0,Darwin
75.0,98.0,1.4,7.0,1018.6,15.0,0.0,13.0,Watsonia
66.0,72.0,,,1006.6,9.6,0.2,44.0,Tuggeranong
61.0,76.0,7.3,7.0,1015.6,27.3,0.0,46.0,Cairns
30.0,49.0,10.7,0.0,1015.4,22.5,0.0,56.0,Townsville
53.0,52.0,9.1,7.0,1013.3,21.9,0.0,39.0,Perth
44.0,45.0,7.7,,1002.5,13.2,0.0,48.0,Hobart
,,,1.0,,,0.0,,Cobar
54.0,57.0,9.3,6.0,1008.1,25.7,0.0,37.0,CoffsHarbour
57.0,67.0,,3.0,1009.9,26.7,11.0,41.0,Williamtown
42.0,69.0,5.7,6.0,999.4,14.6,0.0,83.0,Hobart
40.0,62.0,,1.0,1006.4,18.9,3.4,56.0,Wollongong
37.0,75.0,8.6,2.0,1009.2,27.4,0.2,48.0,Mildura
76.0,80.0,,8.0,1020.6,20.1,0.0,43.0,Sale
69.0,75.0,2.5,7.0,1011.3,29.6,0.4,52.0,Townsville
41.0,56.0,6.3,5.0,1011.6,16.9,5.2,50.0,Hobart
63.0,85.0,10.9,5.0,1008.5,32.1,0.2,33.0,Darwin
43.0,85.0,4.0,7.0,1004.4,29.3,0.6,65.0,WaggaWagga
58.0,94.0,,,1020.1,16.2,0.0,15.0,Tuggeranong
88.0,82.0,0.8,8.0,1010.7,15.8,0.0,41.0,Portland
52.0,59.0,11.9,2.0,1016.6,20.8,0.0,43.0,SydneyAirport
,,,,,,0.0,,MountGinini
21.0,54.0,,,1013.6,28.0,0.0,43.0,Bendigo
81.0,77.0,,,1020.8,19.8,0.0,65.0,GoldCoast
89.0,97.0,1.1,8.0,1004.2,17.9,10.4,33.0,MountGambier
43.0,40.0,12.2,1.0,1015.3,21.5,0.0,33.0,NorfolkIsland
48.0,78.0,11.6,,1015.4,26.6,0.0,37.0,PearceRAAF
61.0,57.0,,,1018.9,15.8,0.0,50.0,Walpole
68.0,78.0,,8.0,1010.6,17.8,0.0,39.0,MountGambier
61.0,73.0,8.1,5.0,1019.0,25.4,0.0,33.0,Williamtown
,,,,1012.0,31.4,0.0,39.0,Witchcliffe
23.0,54.0,9.9,1.0,1019.4,26.6,0.0,26.0,Perth
12.0,37.0,11.0,3.0,1016.5,34.5,0.0,24.0,Mildura
87.0,99.0,,8.0,1017.7,6.9,3.4,28.0,Mildura
59.0,90.0,6.6,7.0,1009.6,17.7,25.2,61.0,Perth
13.0,70.0,,,1007.0,36.8,0.0,74.0,Canberra
6.0,9.0,,,1007.5,40.0,0.0,56.0,Uluru
51.0,60.0,10.6,1.0,1015.0,22.4,0.0,22.0,Brisbane
91.0,87.0,0.4,8.0,1017.9,17.2,13.4,67.0,Williamtown
26.0,69.0,,6.0,1008.2,26.9,0.0,46.0,Bendigo
56.0,57.0,,,1024.2,15.5,1.2,33.0,Wollongong
35.0,54.0,9.8,3.0,1013.4,20.8,0.0,24.0,Brisbane
17.0,39.0,12.7,2.0,1000.8,28.4,0.2,63.0,Williamtown
38.0,57.0,,,1015.8,18.9,0.0,54.0,BadgerysCreek
61.0,81.0,,,1018.5,18.8,0.0,26.0,CoffsHarbour
65.0,65.0,9.5,1.0,1016.7,20.8,0.0,26.0,NorfolkIsland
66.0,66.0,,,1004.9,25.2,0.0,48.0,Adelaide
52.0,27.0,,,,12.0,0.0,52.0,MountGinini
91.0,92.0,0.0,8.0,1018.8,10.7,4.6,44.0,Hobart
58.0,86.0,3.6,7.0,1017.6,22.7,1.4,31.0,SydneyAirport
87.0,96.0,0.1,7.0,1030.3,10.8,0.0,20.0,Watsonia
10.0,29.0,,,1007.5,34.7,0.0,69.0,Nhil
78.0,69.0,8.7,7.0,1006.8,28.3,1.0,56.0,Darwin
73.0,83.0,1.2,7.0,1017.1,12.1,1.0,30.0,Nuriootpa
57.0,94.0,3.6,,1019.3,20.1,0.6,44.0,Dartmoor
46.0,81.0,,,1019.5,25.2,0.4,22.0,Richmond
89.0,84.0,,,1013.5,15.4,0.0,26.0,NorahHead
59.0,66.0,,5.0,,23.2,0.0,,Newcastle
90.0,94.0,,,1017.0,15.6,48.4,72.0,NorahHead
48.0,60.0,8.3,1.0,1018.7,21.6,0.2,52.0,SydneyAirport
79.0,77.0,,8.0,1015.4,23.6,0.0,30.0,Wollongong
51.0,57.0,,,1013.6,28.3,0.0,35.0,Cairns
64.0,94.0,,,,12.1,0.4,35.0,SalmonGums
22.0,31.0,5.9,8.0,1018.0,25.1,0.0,35.0,Nuriootpa
51.0,87.0,,1.0,1010.4,16.8,12.0,35.0,Moree
58.0,95.0,5.7,7.0,1024.0,12.4,0.4,26.0,Watsonia
91.0,95.0,0.5,8.0,1010.6,23.9,23.2,33.0,Townsville
25.0,68.0,,,,12.5,0.0,,Canberra
54.0,62.0,6.9,8.0,1024.8,16.1,0.2,37.0,Portland
23.0,47.0,,0.0,1018.1,22.7,0.0,30.0,Williamtown
54.0,74.0,9.1,2.0,1017.6,20.5,0.6,28.0,PearceRAAF
34.0,49.0,,2.0,1020.5,28.4,0.0,31.0,Albury
57.0,58.0,,8.0,1018.9,21.4,0.0,37.0,Richmond
,80.0,5.6,,1017.6,,0.5,,Albany
65.0,68.0,,,1021.9,15.9,2.2,44.0,Walpole
71.0,75.0,8.2,3.0,1020.8,19.0,0.0,46.0,CoffsHarbour
43.0,68.0,13.4,0.0,1022.2,22.5,0.0,37.0,Sale
75.0,79.0,,8.0,1020.0,23.3,0.2,26.0,CoffsHarbour
65.0,81.0,7.7,2.0,1014.9,21.8,7.4,39.0,Sale
36.0,73.0,,6.0,1020.6,19.8,0.0,20.0,Cobar
65.0,82.0,0.0,8.0,1015.3,19.2,0.8,31.0,Nuriootpa
48.0,64.0,12.6,1.0,1018.6,19.0,0.0,39.0,Melbourne
38.0,90.0,,,1014.5,14.5,0.0,37.0,Tuggeranong
60.0,71.0,10.5,1.0,1026.9,16.8,0.0,30.0,Portland
23.0,35.0,,2.0,1012.4,24.0,0.0,46.0,Uluru
75.0,88.0,,4.0,1013.6,20.6,1.4,56.0,NorfolkIsland
53.0,72.0,,,1000.5,28.2,0.0,63.0,Wollongong
27.0,29.0,,,1003.9,31.5,0.0,63.0,Richmond
87.0,86.0,0.6,7.0,1010.9,26.9,9.0,35.0,Cairns
36.0,59.0,,1.0,1013.2,29.1,0.0,48.0,Bendigo
23.0,73.0,,0.0,,28.6,0.0,,Newcastle
31.0,55.0,,3.0,1021.3,22.0,0.0,33.0,Bendigo
32.0,56.0,12.0,3.0,1015.9,33.7,0.0,52.0,WaggaWagga
62.0,71.0,0.1,7.0,1017.7,11.5,0.0,54.0,MelbourneAirport
43.0,66.0,10.4,,1016.8,20.9,0.6,37.0,Adelaide
26.0,79.0,9.6,5.0,1007.2,26.7,0.0,61.0,Sale
53.0,84.0,6.4,5.0,1025.4,13.3,0.4,24.0,Portland
,73.0,,,,,0.0,,Newcastle
59.0,84.0,,5.0,,31.5,28.6,,Newcastle
65.0,71.0,5.5,7.0,1017.4,10.3,23.0,74.0,Portland
52.0,72.0,,,1029.2,13.9,0.0,24.0,Adelaide
78.0,98.0,,8.0,1032.9,10.7,0.0,28.0,Ballarat
33.0,64.0,,,1020.9,17.5,0.0,33.0,AliceSprings
45.0,62.0,13.4,0.0,1013.4,25.2,0.0,33.0,Watsonia
92.0,99.0,0.2,8.0,1015.0,21.5,17.2,26.0,Williamtown
68.0,86.0,4.8,4.0,1002.2,18.7,0.6,54.0,NorfolkIsland
85.0,94.0,0.1,8.0,1009.5,20.2,0.0,52.0,Sale
48.0,74.0,,8.0,1010.3,22.3,0.0,30.0,Albury
69.0,64.0,,,1017.0,24.5,0.0,43.0,Wollongong
51.0,66.0,11.2,2.0,1016.1,24.7,0.0,,Melbourne
46.0,70.0,8.4,5.0,1013.1,20.4,0.0,37.0,MelbourneAirport
35.0,47.0,,,,22.3,0.2,39.0,Penrith
28.0,57.0,10.4,1.0,1023.6,22.9,0.0,30.0,Moree
62.0,74.0,,4.0,1014.3,19.8,0.0,46.0,Sale
63.0,81.0,5.3,6.0,1008.2,30.2,60.8,35.0,Cairns
89.0,76.0,,,1012.7,22.8,0.0,44.0,NorahHead
54.0,55.0,4.2,7.0,1019.8,22.8,0.0,72.0,Melbourne
53.0,55.0,9.0,7.0,1006.5,22.2,0.0,31.0,Perth
33.0,76.0,,,,21.9,0.0,37.0,Ballarat
52.0,98.0,8.3,2.0,1016.4,18.9,0.0,43.0,Watsonia
9.0,48.0,13.7,2.0,1004.5,29.7,0.0,56.0,WaggaWagga
17.0,27.0,10.6,,1019.7,28.3,0.0,26.0,Adelaide
71.0,77.0,,,,15.1,0.2,24.0,Penrith
68.0,73.0,,,1022.5,23.3,0.2,30.0,Wollongong
,91.0,,,1021.4,,1.2,,Albany
36.0,77.0,10.5,4.0,1019.1,21.5,0.0,39.0,AliceSprings
59.0,67.0,10.0,3.0,1022.4,24.4,0.0,28.0,Brisbane
72.0,98.0,,,1003.2,25.6,17.2,43.0,BadgerysCreek
39.0,76.0,,,1017.3,23.2,0.0,24.0,Tuggeranong
46.0,45.0,8.5,8.0,1016.1,21.1,0.6,48.0,PearceRAAF
41.0,46.0,,5.0,,17.0,4.0,,Newcastle
70.0,66.0,0.2,8.0,1011.5,26.4,0.0,39.0,Townsville
33.0,44.0,12.8,7.0,1012.4,23.8,0.0,50.0,Woomera
60.0,73.0,11.8,4.0,1009.8,33.6,0.0,28.0,Darwin
31.0,57.0,9.8,0.0,1018.1,17.1,0.0,37.0,Sydney
58.0,44.0,,,1013.0,25.0,0.0,46.0,GoldCoast
69.0,96.0,,2.0,1009.2,28.8,64.6,48.0,Cairns
59.0,95.0,,,1017.3,13.1,0.0,28.0,Tuggeranong
19.0,39.0,8.9,4.0,1010.4,35.2,0.0,46.0,Woomera
43.0,53.0,,,1020.5,23.2,0.0,69.0,Albury
24.0,42.0,,,,28.0,1.0,46.0,SalmonGums
65.0,92.0,,,1020.3,13.6,0.0,13.0,Launceston
36.0,53.0,9.4,2.0,1015.8,20.7,0.0,,Sydney
53.0,77.0,5.6,4.0,1025.9,20.8,0.0,33.0,Brisbane
13.0,35.0,,,,32.6,0.0,35.0,SalmonGums
33.0,62.0,,,1014.5,20.8,0.0,50.0,Ballarat
11.0,15.0,11.9,0.0,1011.2,32.8,0.0,41.0,AliceSprings
33.0,62.0,6.8,6.0,1018.3,17.4,0.0,35.0,AliceSprings
57.0,76.0,,,1021.4,15.9,0.4,54.0,Sale
73.0,64.0,9.8,1.0,1017.1,21.5,0.0,44.0,CoffsHarbour
55.0,70.0,1.7,7.0,1020.1,13.1,0.2,43.0,Hobart
63.0,68.0,9.5,,1007.5,16.7,18.8,50.0,Hobart
30.0,64.0,9.6,3.0,1020.9,21.4,0.0,41.0,Hobart
71.0,72.0,,2.0,1030.9,17.1,,33.0,Wollongong
46.0,69.0,7.7,7.0,1028.9,16.6,0.0,37.0,PerthAirport
57.0,62.0,,7.0,1002.8,17.7,1.6,59.0,Wollongong
47.0,66.0,8.9,1.0,1012.1,25.4,0.0,46.0,PerthAirport
49.0,76.0,8.0,,1018.9,16.7,0.0,33.0,Nuriootpa
59.0,73.0,6.0,7.0,1023.6,24.0,0.8,41.0,SydneyAirport
59.0,,,,1027.6,12.0,0.0,,Launceston
46.0,76.0,,,,22.9,0.6,37.0,SalmonGums
,,,2.0,1008.2,36.1,0.2,46.0,Cobar
58.0,94.0,7.6,7.0,1020.3,16.7,2.0,30.0,PearceRAAF
65.0,97.0,,,,18.6,6.4,28.0,Launceston
75.0,96.0,1.2,8.0,1013.5,16.9,2.0,41.0,Portland
91.0,91.0,0.0,8.0,1014.5,16.7,2.4,59.0,NorfolkIsland
33.0,63.0,3.3,8.0,1014.9,17.8,0.0,39.0,Mildura
35.0,74.0,8.5,2.0,1019.5,20.3,0.0,28.0,Moree
74.0,84.0,10.1,1.0,1012.7,24.4,0.0,,Albany
92.0,98.0,,7.0,,7.8,0.0,9.0,Launceston
47.0,66.0,,5.0,1013.6,20.4,0.0,33.0,CoffsHarbour
39.0,76.0,9.3,7.0,1015.4,16.7,0.0,31.0,Mildura
90.0,61.0,0.5,8.0,1012.9,16.4,3.4,57.0,CoffsHarbour
71.0,89.0,1.2,6.0,1023.7,14.0,0.0,17.0,WaggaWagga
,,,,1007.9,18.3,0.2,43.0,BadgerysCreek
14.0,44.0,13.2,4.0,1012.7,31.1,0.0,26.0,Mildura
57.0,94.0,9.5,,1023.1,20.3,0.0,24.0,Dartmoor
65.0,85.0,3.6,7.0,1012.8,20.6,15.4,39.0,Mildura
71.0,91.0,3.6,1.0,1024.2,12.9,0.0,28.0,Mildura
59.0,91.0,,8.0,1004.5,13.0,3.6,48.0,MountGambier
53.0,65.0,,,1006.6,32.6,0.0,31.0,Cairns
62.0,82.0,,,1012.0,13.3,0.1,22.0,Launceston
92.0,94.0,,8.0,1016.6,13.0,1.2,24.0,Cobar
71.0,77.0,,,1031.0,13.9,0.0,33.0,Walpole
19.0,100.0,10.7,,1013.3,33.9,0.0,41.0,Dartmoor
33.0,63.0,,,1023.3,20.3,0.0,35.0,Uluru
55.0,84.0,,,1011.4,20.7,0.2,31.0,Walpole
62.0,74.0,0.6,7.0,1022.6,17.9,0.0,46.0,Melbourne
51.0,68.0,,1.0,1027.4,19.0,,37.0,Williamtown
51.0,54.0,,8.0,1004.0,15.8,0.4,50.0,Richmond
60.0,63.0,,,1016.7,19.0,0.0,20.0,GoldCoast
59.0,61.0,,,1021.3,20.0,0.0,20.0,GoldCoast
26.0,49.0,,,1025.3,21.4,0.2,48.0,Adelaide
41.0,78.0,11.3,2.0,1024.7,22.2,0.0,39.0,Watsonia
40.0,34.0,,,1020.4,15.5,0.0,52.0,Williamtown
,,2.9,,1036.9,12.3,1.4,24.0,Dartmoor
56.0,87.0,,,1009.9,28.1,0.0,22.0,Dartmoor
40.0,52.0,9.4,3.0,1014.0,17.2,0.0,54.0,Hobart
57.0,64.0,2.0,7.0,1024.3,13.4,0.0,43.0,Watsonia
35.0,76.0,11.1,2.0,1016.1,25.6,0.0,28.0,WaggaWagga
65.0,70.0,8.5,2.0,1009.5,27.2,0.0,30.0,Townsville
59.0,89.0,1.0,7.0,994.1,13.1,50.8,76.0,MelbourneAirport
47.0,63.0,4.3,,1010.8,21.4,0.0,46.0,Dartmoor
30.0,76.0,8.8,3.0,1009.8,18.6,0.2,57.0,Sale
40.0,100.0,12.6,,1016.5,30.7,3.0,35.0,Dartmoor
87.0,87.0,0.0,8.0,1013.7,12.0,20.6,48.0,MelbourneAirport
40.0,72.0,10.8,6.0,1007.7,24.3,0.0,43.0,MountGambier
60.0,82.0,,6.0,1003.2,16.6,11.8,,Albany
40.0,49.0,,0.0,1021.8,16.5,0.0,31.0,CoffsHarbour
65.0,90.0,,,1002.1,7.2,10.2,39.0,Canberra
27.0,66.0,,8.0,1017.5,26.4,0.0,43.0,Sale
56.0,90.0,,2.0,1024.1,12.7,0.0,31.0,Ballarat
,,,,1018.7,18.0,0.6,30.0,Witchcliffe
13.0,28.0,12.6,2.0,1012.5,32.5,0.0,30.0,AliceSprings
27.0,67.0,,,1019.6,25.0,0.0,22.0,Albury
54.0,79.0,8.4,6.0,1013.6,21.5,0.0,33.0,Nuriootpa
33.0,71.0,11.6,4.0,1006.7,26.5,0.6,44.0,Woomera
23.0,52.0,9.3,0.0,1029.9,22.0,0.0,37.0,PearceRAAF
30.0,54.0,6.9,5.0,1026.0,18.0,0.0,43.0,AliceSprings
43.0,82.0,,,1022.7,13.1,0.4,35.0,Tuggeranong
6.0,17.0,,1.0,1005.7,34.9,0.0,46.0,Cobar
60.0,99.0,,,1020.2,20.5,0.4,35.0,Witchcliffe
20.0,50.0,4.4,1.0,1011.9,27.7,0.0,50.0,Woomera
49.0,60.0,11.8,1.0,1010.2,27.5,0.0,33.0,Cairns
19.0,40.0,10.3,,1024.0,28.7,0.0,48.0,PearceRAAF
74.0,85.0,,,1017.3,21.1,0.0,35.0,Walpole
50.0,62.0,9.7,7.0,1020.0,20.7,0.0,37.0,Perth
36.0,100.0,,,1013.8,22.0,18.6,31.0,Richmond
60.0,85.0,4.8,6.0,1022.4,15.8,0.0,35.0,Canberra
71.0,99.0,1.6,7.0,1009.2,12.8,0.2,24.0,Watsonia
76.0,53.0,4.9,7.0,1026.6,16.3,0.0,41.0,CoffsHarbour
32.0,54.0,12.6,2.0,1006.4,25.4,0.0,33.0,MelbourneAirport
31.0,55.0,6.0,3.0,1003.6,16.9,5.2,57.0,SydneyAirport
48.0,71.0,9.7,1.0,1022.3,25.3,0.0,,PerthAirport
48.0,60.0,10.8,6.0,1009.3,23.0,0.0,43.0,PearceRAAF
35.0,38.0,3.5,7.0,1003.9,21.2,0.0,85.0,MountGambier
32.0,66.0,9.9,1.0,1017.2,21.0,0.0,17.0,Brisbane
11.0,28.0,13.4,0.0,1011.1,31.1,0.0,43.0,AliceSprings
61.0,73.0,3.7,7.0,1011.8,26.8,0.0,31.0,CoffsHarbour
90.0,92.0,,8.0,1009.6,18.0,96.4,102.0,Wollongong
30.0,54.0,,,,13.9,0.0,76.0,MountGinini
33.0,41.0,0.9,8.0,1018.1,27.2,0.0,52.0,WaggaWagga
92.0,96.0,0.8,8.0,1019.1,20.4,48.0,44.0,CoffsHarbour
53.0,66.0,9.3,3.0,1019.3,19.0,0.8,30.0,NorfolkIsland
50.0,83.0,4.1,,1001.9,22.8,0.2,48.0,Hobart
84.0,77.0,,,,17.7,0.0,39.0,SalmonGums
70.0,84.0,10.7,,1016.7,18.7,0.2,31.0,Portland
79.0,83.0,,,1018.6,22.1,1.0,26.0,NorahHead
60.0,84.0,2.9,7.0,1004.6,22.6,1.2,50.0,Perth
90.0,97.0,,,1010.8,12.9,50.6,39.0,Dartmoor
66.0,89.0,,6.0,,25.9,33.8,,Newcastle
59.0,67.0,,,1019.1,18.5,0.0,39.0,Walpole
58.0,89.0,,,1009.3,20.0,10.4,28.0,Tuggeranong
54.0,78.0,5.4,,1013.6,17.9,0.0,35.0,Adelaide
36.0,73.0,9.1,,1022.6,16.5,0.1,26.0,Nuriootpa
68.0,76.0,,,1007.7,17.8,0.2,46.0,Dartmoor
67.0,74.0,7.8,1.0,1012.3,12.0,0.0,54.0,Watsonia
10.0,9.0,,2.0,1010.4,35.7,0.0,43.0,Uluru
34.0,64.0,8.4,7.0,1014.0,28.4,0.0,41.0,Moree
96.0,96.0,,,,-0.2,0.0,35.0,MountGinini
12.0,43.0,11.3,0.0,1017.2,26.6,0.0,52.0,Townsville
12.0,30.0,,2.0,1005.7,35.8,0.2,61.0,Bendigo
67.0,98.0,,,,11.6,0.0,11.0,Launceston
60.0,89.0,,8.0,,13.2,0.0,11.0,Launceston
46.0,49.0,,,1020.5,24.1,0.0,30.0,GoldCoast
80.0,84.0,,8.0,1011.4,22.0,0.0,39.0,Wollongong
64.0,91.0,,4.0,1010.2,15.4,8.2,24.0,Bendigo
68.0,92.0,,,1030.0,12.8,0.0,15.0,Launceston
55.0,47.0,9.3,8.0,1008.3,11.4,14.0,76.0,Sale
62.0,60.0,11.0,3.0,1019.9,20.0,0.0,,Albany
70.0,83.0,,8.0,1010.6,13.1,12.8,44.0,Bendigo
52.0,88.0,,8.0,1027.1,15.8,,56.0,Williamtown
62.0,56.0,2.0,7.0,990.9,13.6,0.0,56.0,Hobart
33.0,78.0,8.6,7.0,1012.2,23.4,0.2,41.0,Williamtown
52.0,69.0,10.7,1.0,1013.3,21.8,0.0,,Albany
53.0,60.0,10.3,2.0,1012.3,28.9,0.0,39.0,Cairns
65.0,79.0,4.3,7.0,1012.7,18.3,0.2,37.0,SydneyAirport
20.0,47.0,7.1,3.0,1011.8,25.7,0.0,67.0,Woomera
62.0,73.0,,,1012.6,25.1,0.0,37.0,Williamtown
91.0,99.0,,8.0,1011.1,10.2,0.2,11.0,Albury
83.0,77.0,7.8,5.0,1008.2,27.9,0.0,41.0,Darwin
37.0,49.0,12.7,,1013.4,23.9,0.0,52.0,PearceRAAF
,,,,,,1.2,72.0,MountGinini
72.0,98.0,,6.0,1011.9,9.3,2.4,65.0,Ballarat
40.0,91.0,7.2,3.0,1019.1,22.3,0.0,17.0,Watsonia
57.0,74.0,5.4,4.0,1021.3,11.5,0.4,26.0,Hobart
75.0,95.0,4.0,8.0,1025.9,12.2,2.8,41.0,Portland
17.0,21.0,13.3,1.0,1006.6,36.0,0.0,61.0,WaggaWagga
59.0,62.0,10.2,3.0,1017.8,22.3,0.0,43.0,Sydney
55.0,81.0,,8.0,1012.0,11.2,0.0,44.0,Bendigo
49.0,67.0,,2.0,1028.7,13.8,,28.0,Bendigo
22.0,43.0,10.5,,1019.1,19.0,0.0,56.0,Woomera
82.0,100.0,,8.0,999.6,16.5,37.4,35.0,Albury
58.0,90.0,,,1011.9,29.1,0.0,26.0,Townsville
36.0,90.0,,,1024.9,24.0,0.0,,Sale
57.0,72.0,3.3,,1018.3,12.3,3.0,35.0,Hobart
17.0,41.0,,,1014.6,22.7,0.0,31.0,AliceSprings
69.0,88.0,,,994.6,16.5,5.6,50.0,Walpole
25.0,59.0,,,1012.5,24.2,0.0,22.0,Richmond
64.0,92.0,,8.0,1022.0,20.5,0.2,20.0,Portland
52.0,62.0,10.5,1.0,1012.8,26.6,0.0,30.0,Cairns
19.0,27.0,,0.0,1013.4,28.6,0.0,39.0,Katherine
7.0,24.0,10.9,1.0,1018.4,31.0,0.0,33.0,AliceSprings
31.0,30.0,11.1,0.0,1012.5,23.7,0.0,33.0,Townsville
37.0,71.0,,8.0,1011.1,16.8,0.0,46.0,Williamtown
45.0,78.0,,,1023.7,16.5,0.0,35.0,Albury
76.0,100.0,,8.0,1008.8,11.5,2.8,50.0,Ballarat
60.0,62.0,9.1,5.0,1008.4,17.8,2.0,65.0,NorfolkIsland
14.0,27.0,11.6,0.0,1006.2,24.8,0.0,44.0,Brisbane
67.0,72.0,9.0,1.0,1018.8,23.2,0.0,39.0,CoffsHarbour
57.0,82.0,6.2,5.0,1017.6,19.7,0.0,22.0,PerthAirport
89.0,96.0,0.0,8.0,999.0,26.0,70.2,59.0,Townsville
56.0,76.0,,,1022.2,19.0,0.0,22.0,BadgerysCreek
38.0,51.0,,,,16.4,0.0,50.0,Penrith
55.0,66.0,,,1011.3,18.4,8.0,57.0,Adelaide
14.0,41.0,,,1016.0,38.1,0.0,39.0,Canberra
83.0,65.0,,,1015.5,16.9,0.0,41.0,Witchcliffe
67.0,61.0,,,1019.9,21.3,0.0,48.0,NorfolkIsland
56.0,86.0,,,1017.9,16.1,0.2,43.0,Ballarat
45.0,79.0,,3.0,1017.7,21.4,0.4,43.0,Ballarat
68.0,77.0,9.5,2.0,1018.0,25.8,0.0,31.0,Townsville
32.0,65.0,10.5,,1024.0,15.8,0.0,46.0,AliceSprings
59.0,56.0,,,1012.9,23.2,0.0,30.0,Witchcliffe
76.0,72.0,4.1,8.0,1014.9,15.8,0.0,,Albany
56.0,83.0,,8.0,1000.3,16.2,0.0,76.0,Ballarat
53.0,76.0,13.9,3.0,1014.1,24.8,0.0,37.0,Watsonia
57.0,88.0,4.6,7.0,1015.3,11.9,7.0,,Cobar
52.0,67.0,4.8,5.0,1008.8,19.0,0.0,57.0,Hobart
,,,,,,,,Newcastle
33.0,53.0,,1.0,1027.8,15.6,0.0,17.0,Cobar
62.0,95.0,,,,13.8,5.2,28.0,SalmonGums
54.0,65.0,,,1023.4,21.7,0.2,28.0,CoffsHarbour
40.0,81.0,,,996.7,28.4,0.0,33.0,Launceston
31.0,49.0,7.8,6.0,1021.6,19.1,0.0,17.0,Cobar
56.0,82.0,,,1020.7,17.2,,,Walpole
73.0,67.0,10.0,2.0,1026.4,18.7,0.0,37.0,NorfolkIsland
32.0,44.0,9.3,0.0,1024.8,23.2,0.0,41.0,PerthAirport
39.0,53.0,10.7,1.0,1015.6,24.1,0.0,37.0,Cairns
27.0,52.0,,,1014.3,28.2,0.0,30.0,Albury
19.0,28.0,5.5,7.0,1003.3,35.8,1.2,46.0,AliceSprings
77.0,75.0,,,1014.6,22.1,10.4,20.0,Wollongong
49.0,90.0,6.5,,1013.3,16.3,1.4,28.0,Nuriootpa
11.0,51.0,9.1,8.0,1014.2,27.5,0.0,37.0,Nuriootpa
87.0,96.0,,,,2.4,0.0,52.0,MountGinini
32.0,73.0,,6.0,1021.6,20.4,0.0,35.0,Canberra
72.0,76.0,,8.0,1021.1,11.3,0.0,37.0,MountGambier
53.0,80.0,7.8,7.0,1026.2,23.6,0.2,31.0,Sydney
39.0,93.0,,,1004.3,17.5,0.0,63.0,Launceston
79.0,83.0,,8.0,,17.4,0.0,39.0,Launceston
16.0,41.0,,,1017.1,24.9,0.0,26.0,Albury
87.0,87.0,,8.0,1009.0,21.1,0.2,20.0,Albury
49.0,86.0,7.1,5.0,1010.5,15.2,5.6,56.0,Watsonia
59.0,84.0,,7.0,1028.4,14.5,10.2,24.0,Sale
95.0,73.0,,,1009.0,11.4,0.0,28.0,Tuggeranong
63.0,76.0,,7.0,1005.6,28.1,0.0,44.0,Katherine
77.0,94.0,,,1006.3,25.3,,39.0,Williamtown
55.0,76.0,6.5,3.0,1015.3,15.3,9.8,,Albany
55.0,63.0,7.3,5.0,1034.5,10.2,1.6,37.0,Hobart
41.0,77.0,12.8,5.0,1009.2,31.6,5.2,33.0,Moree
92.0,97.0,,,,3.6,1.2,46.0,MountGinini
53.0,62.0,6.5,7.0,1019.6,22.0,0.0,20.0,Brisbane
44.0,76.0,,,,17.5,0.0,50.0,SalmonGums
63.0,65.0,,3.0,1006.5,27.7,0.0,46.0,CoffsHarbour
65.0,85.0,,8.0,1007.0,17.4,18.4,50.0,Portland
22.0,71.0,,,1007.1,21.8,0.6,44.0,Albury
80.0,87.0,,,998.9,10.7,0.2,78.0,Nhil
94.0,96.0,3.4,8.0,1011.7,14.7,0.0,39.0,Williamtown
51.0,80.0,,,1016.3,22.3,0.0,35.0,Launceston
60.0,71.0,11.3,,1019.9,19.5,0.0,57.0,Portland
60.0,59.0,,,,12.4,0.0,26.0,MountGinini
80.0,88.0,5.9,7.0,1020.6,16.8,7.8,,Albany
,98.0,,,,,,44.0,MountGinini
91.0,71.0,5.3,7.0,1010.3,15.1,16.6,52.0,Perth
81.0,98.0,,,1009.7,20.5,2.0,33.0,Walpole
58.0,71.0,5.7,,1016.0,19.0,0.0,43.0,Hobart
45.0,90.0,9.1,1.0,1025.3,20.0,0.0,20.0,Perth
47.0,66.0,12.6,1.0,1018.6,18.6,0.0,39.0,MelbourneAirport
35.0,65.0,10.0,1.0,1022.1,21.3,0.0,20.0,Brisbane
20.0,48.0,10.2,1.0,1010.6,37.7,0.0,41.0,Woomera
68.0,88.0,,6.0,1015.2,10.8,3.2,59.0,Ballarat
63.0,100.0,7.8,7.0,1032.1,12.4,0.4,19.0,Portland
56.0,49.0,,,1022.9,20.5,0.0,57.0,GoldCoast
51.0,59.0,,,1017.2,24.9,0.0,44.0,Witchcliffe
66.0,99.0,,6.0,1032.0,7.2,0.0,31.0,Ballarat
6.0,20.0,,2.0,1008.9,33.1,0.0,35.0,Woomera
28.0,39.0,,,1021.7,17.5,0.0,39.0,Tuggeranong
69.0,75.0,,,1011.5,22.1,0.0,41.0,Tuggeranong
71.0,99.0,0.2,8.0,1020.7,14.4,0.0,19.0,Watsonia
53.0,76.0,4.6,2.0,1015.2,24.0,0.2,52.0,NorfolkIsland
98.0,99.0,0.0,8.0,1015.2,17.6,26.2,,Moree
47.0,85.0,,,,18.0,0.4,33.0,MountGinini
41.0,46.0,,,,23.5,0.0,43.0,SalmonGums
43.0,80.0,3.0,7.0,1005.7,32.3,6.2,31.0,Darwin
91.0,89.0,0.0,8.0,1015.5,13.9,0.0,46.0,MelbourneAirport
33.0,55.0,,,1015.7,25.5,0.0,43.0,Adelaide
17.0,55.0,11.3,0.0,1020.3,31.2,0.0,35.0,Moree
48.0,65.0,,,1010.0,19.5,0.0,30.0,NorahHead
50.0,99.0,7.6,2.0,1027.2,18.4,0.0,20.0,Mildura
37.0,99.0,,,,32.8,0.0,35.0,Penrith
73.0,76.0,4.8,5.0,1019.1,20.7,0.0,33.0,NorfolkIsland
63.0,74.0,,,1016.9,25.5,0.0,33.0,GoldCoast
81.0,94.0,,8.0,1023.7,19.4,6.4,39.0,Wollongong
72.0,99.0,,1.0,1012.4,13.2,1.4,72.0,Ballarat
17.0,25.0,2.1,8.0,1015.7,29.3,0.0,35.0,PerthAirport
78.0,83.0,,,1012.8,25.5,0.0,39.0,NorahHead
28.0,59.0,,,1010.3,25.4,0.0,48.0,Canberra
65.0,56.0,,,1014.4,23.2,0.0,19.0,NorahHead
42.0,65.0,10.7,5.0,1005.7,33.6,0.0,43.0,Darwin
51.0,57.0,10.4,1.0,1011.0,27.8,0.0,39.0,Cairns
68.0,62.0,,8.0,1019.4,22.7,0.0,54.0,CoffsHarbour
44.0,54.0,,3.0,,21.0,0.0,,Newcastle
64.0,74.0,,,1021.0,9.5,0.2,24.0,Dartmoor
59.0,82.0,,,1013.0,13.6,0.0,54.0,Nhil
50.0,87.0,,,1015.3,23.5,0.4,52.0,Tuggeranong
62.0,88.0,3.9,1.0,1014.5,16.7,1.0,43.0,Brisbane
29.0,52.0,10.6,1.0,1010.7,30.5,0.0,31.0,Darwin
83.0,79.0,,,1015.0,23.6,0.0,43.0,Wollongong
43.0,62.0,8.3,6.0,1012.1,24.1,0.0,37.0,PerthAirport
39.0,79.0,9.5,1.0,1017.2,23.0,0.0,19.0,Brisbane
51.0,62.0,,,1021.5,25.4,0.0,46.0,NorahHead
42.0,78.0,,,1005.2,17.1,0.0,39.0,Launceston
62.0,73.0,2.5,7.0,1025.1,13.7,23.0,,Albany
35.0,46.0,,,1021.2,21.3,0.0,31.0,Adelaide
37.0,68.0,10.2,,1016.5,22.8,0.0,30.0,Sydney
41.0,85.0,,,1001.0,31.4,0.0,33.0,Richmond
55.0,71.0,,,1017.3,9.0,0.0,39.0,Canberra
74.0,95.0,0.4,7.0,1020.3,12.2,0.0,37.0,Watsonia
51.0,58.0,,3.0,,23.4,0.0,,Newcastle
68.0,65.0,,,1022.9,15.4,2.8,43.0,Witchcliffe
75.0,67.0,,,1013.1,27.4,0.0,39.0,GoldCoast
47.0,75.0,9.5,,1024.5,17.8,0.0,50.0,Hobart
54.0,72.0,5.7,4.0,1028.9,13.5,0.0,50.0,MelbourneAirport
80.0,97.0,0.0,8.0,1013.7,12.3,0.0,59.0,Melbourne
41.0,86.0,5.3,,1025.9,14.9,0.6,22.0,Adelaide
44.0,58.0,10.5,8.0,1012.6,26.1,0.0,41.0,Cairns
55.0,79.0,7.5,5.0,1006.6,13.1,0.4,61.0,MelbourneAirport
24.0,27.0,,,,27.8,0.0,46.0,SalmonGums
40.0,85.0,5.9,7.0,1016.6,15.6,0.0,37.0,Mildura
66.0,55.0,6.6,8.0,1011.2,15.4,0.0,54.0,MountGambier
34.0,44.0,,,,32.3,0.6,48.0,SalmonGums
46.0,84.0,,,1024.1,20.6,0.2,22.0,Albury
47.0,88.0,,7.0,1018.0,12.9,1.0,39.0,Albury
23.0,38.0,10.3,1.0,1007.9,18.5,3.0,57.0,CoffsHarbour
57.0,99.0,,1.0,1025.5,14.3,0.2,15.0,Canberra
78.0,85.0,5.7,5.0,1020.7,23.8,0.0,39.0,SydneyAirport
67.0,78.0,10.1,1.0,1017.7,26.2,0.0,31.0,Townsville
35.0,75.0,,1.0,1004.3,15.9,0.0,61.0,Richmond
61.0,92.0,6.9,7.0,1026.4,13.2,0.0,39.0,Mildura
42.0,57.0,9.1,,1006.7,28.5,0.0,50.0,PearceRAAF
19.0,52.0,12.4,2.0,1011.2,32.3,0.0,39.0,Cobar
75.0,79.0,8.6,5.0,1005.2,16.0,5.4,,Albany
70.0,79.0,,6.0,1026.2,14.4,0.0,31.0,Sale
36.0,74.0,,,1018.6,22.4,0.0,30.0,Bendigo
66.0,96.0,,8.0,1019.6,15.2,0.0,28.0,Bendigo
9.0,15.0,9.9,5.0,1012.4,35.1,0.0,41.0,AliceSprings
29.0,70.0,10.0,2.0,1013.0,22.3,0.0,30.0,Moree
28.0,71.0,,,1010.3,27.4,0.0,31.0,Tuggeranong
42.0,86.0,,,1026.0,15.7,0.0,26.0,Nhil
49.0,48.0,11.5,1.0,1017.4,27.1,0.0,48.0,Townsville
60.0,77.0,4.9,7.0,1014.0,25.3,1.4,33.0,SydneyAirport
75.0,83.0,,8.0,1017.2,23.4,0.0,50.0,Cairns
73.0,84.0,3.3,7.0,1019.4,26.0,6.2,30.0,Brisbane
41.0,70.0,,,1016.2,17.9,0.0,37.0,Tuggeranong
84.0,65.0,1.4,7.0,1007.1,17.5,0.0,48.0,Hobart
73.0,99.0,,8.0,1015.5,10.2,0.2,39.0,Sale
28.0,16.0,,7.0,1010.0,27.8,0.0,67.0,Cobar
86.0,91.0,,,1005.8,8.2,19.6,30.0,Tuggeranong
47.0,78.0,8.2,1.0,1029.5,18.2,0.0,22.0,Woomera
36.0,79.0,9.1,,1025.3,22.7,0.0,28.0,PearceRAAF
67.0,79.0,4.1,7.0,1016.9,15.2,0.2,41.0,MelbourneAirport
87.0,86.0,7.9,8.0,1011.0,16.8,9.4,56.0,SydneyAirport
69.0,48.0,,,1019.6,18.4,0.0,44.0,Wollongong
46.0,89.0,,,1022.5,24.9,0.0,28.0,Richmond
56.0,59.0,9.0,7.0,1020.7,14.6,0.0,61.0,Watsonia
48.0,93.0,9.0,2.0,1021.1,13.5,8.6,28.0,WaggaWagga
63.0,99.0,,,1030.8,11.7,0.0,19.0,Sale
63.0,82.0,6.4,5.0,1021.8,18.0,0.6,30.0,Perth
31.0,72.0,,,1018.8,26.7,0.0,31.0,Nhil
34.0,53.0,,,1017.5,21.3,0.0,63.0,Adelaide
48.0,100.0,,,996.6,18.8,,56.0,Tuggeranong
93.0,95.0,,8.0,1011.6,21.5,,31.0,Williamtown
72.0,58.0,6.6,7.0,1017.1,19.2,0.0,,Albany
78.0,76.0,,3.0,1013.2,23.0,0.0,30.0,Wollongong
74.0,88.0,,7.0,1016.2,22.0,0.0,59.0,Wollongong
17.0,32.0,,0.0,1012.8,38.6,0.0,44.0,Cobar
39.0,65.0,,,,20.4,0.2,28.0,Penrith
46.0,60.0,8.8,1.0,1021.1,15.5,0.0,70.0,MelbourneAirport
42.0,64.0,10.7,1.0,1009.0,32.7,0.0,37.0,Darwin
26.0,42.0,3.8,7.0,1016.0,28.0,0.0,33.0,AliceSprings
55.0,67.0,12.2,1.0,1020.8,25.9,0.0,24.0,CoffsHarbour
40.0,86.0,9.0,0.0,1025.2,17.2,0.0,19.0,Mildura
39.0,59.0,,,1017.8,16.2,0.0,31.0,Uluru
29.0,53.0,,,1023.0,19.0,0.0,61.0,Nhil
79.0,84.0,4.2,7.0,999.2,7.9,7.0,63.0,Portland
46.0,99.0,9.0,,1020.5,15.0,0.0,19.0,Portland
46.0,87.0,,,1023.2,14.5,0.0,19.0,Tuggeranong
63.0,52.0,7.6,,1017.3,12.8,1.2,44.0,Hobart
79.0,89.0,2.7,7.0,1002.5,15.3,6.4,37.0,Perth
35.0,59.0,6.0,3.0,1003.7,17.4,4.6,,Sydney
52.0,60.0,5.3,6.0,1023.6,12.4,0.2,67.0,Portland
19.0,37.0,,1.0,1015.7,29.7,0.0,43.0,Cobar
51.0,87.0,,,1010.5,15.5,12.6,59.0,Nhil
75.0,95.0,3.3,,1025.2,13.6,16.2,26.0,Adelaide
64.0,98.0,,,1031.7,12.6,0.4,31.0,Dartmoor
47.0,99.0,,,1016.7,12.8,4.6,33.0,Tuggeranong
21.0,38.0,,,1014.2,24.9,0.0,48.0,Uluru
44.0,59.0,8.6,4.0,1014.6,19.1,0.0,74.0,MelbourneAirport
74.0,73.0,,,993.3,25.7,0.0,72.0,Wollongong
64.0,99.0,,,1025.1,12.6,0.0,50.0,Albury
37.0,57.0,12.4,,1022.0,24.4,0.0,35.0,Adelaide
59.0,96.0,,,1023.1,19.3,0.0,20.0,Richmond
35.0,83.0,,1.0,1025.5,18.6,0.2,33.0,Cobar
3.0,11.0,,,1019.3,32.3,0.0,48.0,Woomera
58.0,72.0,3.4,7.0,1015.4,19.7,0.0,26.0,Melbourne
77.0,78.0,,,1010.7,23.1,0.0,31.0,Wollongong
24.0,68.0,9.2,7.0,1014.8,23.8,0.0,33.0,WaggaWagga
47.0,78.0,11.1,1.0,1016.2,24.2,0.0,39.0,Townsville
65.0,98.0,,6.0,,13.3,0.0,20.0,Launceston
,,3.8,,1011.0,15.9,0.6,30.0,Dartmoor
24.0,38.0,4.4,7.0,1007.6,29.6,0.0,35.0,AliceSprings
21.0,40.0,,,,23.1,0.0,54.0,SalmonGums
57.0,87.0,6.7,5.0,1021.6,17.1,0.0,22.0,Sydney
14.0,24.0,,,1012.8,27.1,0.0,39.0,Ballarat
42.0,59.0,3.0,6.0,1019.6,13.9,0.0,24.0,AliceSprings
29.0,61.0,13.4,0.0,1010.5,26.5,0.0,37.0,Nuriootpa
19.0,50.0,10.2,0.0,1018.2,22.5,0.0,24.0,Moree
79.0,95.0,,8.0,1014.2,23.8,0.8,39.0,Williamtown
22.0,39.0,9.5,3.0,1018.8,23.1,0.0,24.0,AliceSprings
50.0,53.0,1.5,7.0,1006.7,28.1,0.0,56.0,Sydney
96.0,91.0,0.0,8.0,1004.6,13.4,3.8,26.0,WaggaWagga
44.0,58.0,1.1,7.0,1012.5,15.7,5.4,35.0,Hobart
71.0,70.0,,,1015.6,19.5,0.2,43.0,NorahHead
23.0,48.0,,0.0,1022.7,20.9,0.0,31.0,Cobar
52.0,49.0,7.3,,1012.6,18.3,0.0,56.0,Adelaide
74.0,86.0,0.0,8.0,1005.8,13.6,78.8,63.0,MountGambier
,48.0,,,1008.8,,0.0,35.0,Katherine
56.0,56.0,11.7,2.0,1010.6,22.8,0.0,44.0,PerthAirport
67.0,86.0,1.3,7.0,1007.2,30.6,26.2,56.0,Darwin
94.0,65.0,0.0,8.0,1020.6,14.1,0.0,41.0,CoffsHarbour
55.0,93.0,3.0,7.0,1028.3,13.4,0.4,31.0,MelbourneAirport
35.0,60.0,,,1010.5,29.2,0.2,39.0,Woomera
58.0,65.0,,,,13.1,0.2,41.0,BadgerysCreek
42.0,80.0,3.5,6.0,993.9,19.1,30.8,54.0,SydneyAirport
64.0,90.0,,4.0,1011.7,18.3,11.0,48.0,Cobar
48.0,94.0,,,1023.2,19.8,0.0,37.0,Nhil
33.0,59.0,,,1017.5,27.8,0.0,24.0,Tuggeranong
31.0,37.0,5.2,7.0,1020.3,19.6,0.0,39.0,AliceSprings
15.0,36.0,12.8,2.0,1011.7,35.8,0.0,39.0,WaggaWagga
38.0,52.0,9.5,1.0,1018.7,23.2,0.0,19.0,Brisbane
45.0,75.0,6.1,2.0,1020.6,22.2,0.0,30.0,Portland
49.0,66.0,4.1,7.0,1015.0,24.4,0.4,48.0,PearceRAAF
31.0,73.0,,,1011.0,19.9,0.2,39.0,Richmond
32.0,54.0,,,1005.3,23.9,0.0,57.0,Richmond
45.0,78.0,,,,15.0,0.2,52.0,MountGinini
57.0,65.0,12.2,3.0,1007.7,22.2,0.0,70.0,Sydney
78.0,86.0,,,1013.1,21.9,27.2,31.0,BadgerysCreek
49.0,71.0,11.0,1.0,1018.4,21.8,0.0,33.0,Perth
75.0,,6.0,7.0,1001.1,10.2,21.4,65.0,Portland
37.0,51.0,,,1027.3,14.4,0.0,28.0,CoffsHarbour
66.0,86.0,3.5,7.0,1003.3,30.5,14.8,41.0,Darwin
38.0,67.0,,,1018.4,25.4,0.0,24.0,Albury
40.0,66.0,,,1013.2,26.7,0.0,46.0,Canberra
63.0,71.0,7.2,7.0,1008.8,27.9,0.4,39.0,Cairns
50.0,69.0,3.7,7.0,1016.6,14.2,1.6,46.0,MelbourneAirport
65.0,67.0,8.9,5.0,1021.2,19.0,0.0,,Albany
57.0,69.0,,8.0,1005.1,13.1,11.0,93.0,MountGambier
58.0,87.0,6.1,7.0,1028.0,10.7,0.4,33.0,MelbourneAirport
48.0,83.0,,,,18.8,0.4,11.0,Penrith
31.0,45.0,,,,16.3,0.0,61.0,Penrith
49.0,64.0,7.9,2.0,1014.3,10.4,0.2,56.0,Hobart
80.0,98.0,,8.0,1024.3,8.4,5.8,39.0,Ballarat
65.0,80.0,10.0,5.0,1010.4,30.1,1.4,54.0,Townsville
45.0,66.0,9.5,2.0,1024.2,22.5,0.0,30.0,Brisbane
14.0,24.0,10.3,,1004.2,40.1,0.0,57.0,Adelaide
54.0,89.0,8.1,5.0,1011.2,29.7,0.0,39.0,Cobar
54.0,80.0,4.2,5.0,1015.8,24.2,0.0,,Sydney
40.0,97.0,8.3,4.0,1017.1,17.5,0.2,26.0,Cobar
71.0,66.0,,,1023.4,13.8,4.4,35.0,Walpole
65.0,91.0,,,1012.4,15.4,3.0,43.0,Dartmoor
60.0,82.0,1.3,5.0,1029.7,11.5,2.8,26.0,Portland
51.0,61.0,7.6,,1014.5,19.9,0.0,48.0,Dartmoor
38.0,71.0,,1.0,1006.0,18.3,0.0,48.0,Ballarat
48.0,88.0,7.7,7.0,1020.7,16.2,0.0,22.0,Woomera
72.0,71.0,6.0,6.0,1011.5,22.2,0.0,33.0,NorfolkIsland
27.0,45.0,,6.0,1009.1,36.8,0.0,54.0,Uluru
88.0,65.0,,,,13.7,0.0,61.0,SalmonGums
52.0,40.0,7.0,7.0,1004.5,20.3,0.0,56.0,Sydney
41.0,47.0,11.0,1.0,1013.5,24.3,0.0,37.0,Cairns
15.0,28.0,11.7,1.0,1008.9,36.3,0.0,41.0,Nuriootpa
76.0,85.0,,8.0,1006.3,21.5,0.4,35.0,Williamtown
62.0,65.0,0.1,7.0,1017.7,12.6,0.0,44.0,MountGambier
18.0,73.0,7.2,6.0,1008.4,36.8,0.0,56.0,MountGambier
35.0,50.0,8.1,5.0,1010.1,31.9,0.0,48.0,Darwin
12.0,20.0,13.2,2.0,1005.9,34.0,0.0,50.0,AliceSprings
46.0,70.0,,1.0,,27.6,0.0,,Newcastle
57.0,90.0,5.7,4.0,1023.7,16.7,0.6,26.0,Watsonia
42.0,75.0,8.4,,1019.6,23.6,0.0,22.0,Adelaide
52.0,55.0,,8.0,1016.9,16.3,0.0,31.0,CoffsHarbour
1.0,5.0,4.3,7.0,1004.0,31.5,0.0,76.0,Woomera
92.0,94.0,,8.0,1010.5,16.8,7.8,52.0,AliceSprings
43.0,28.0,,,1007.8,20.4,0.0,52.0,Wollongong
87.0,85.0,,,1019.0,18.0,0.0,39.0,Walpole
59.0,83.0,9.4,2.0,1022.6,15.9,0.0,57.0,Sale
84.0,99.0,1.7,7.0,1020.2,13.7,3.4,61.0,Watsonia
11.0,18.0,10.0,1.0,1009.8,42.0,0.0,54.0,Woomera
54.0,62.0,13.1,1.0,1020.7,19.8,0.0,30.0,Hobart
60.0,95.0,,8.0,1021.0,9.6,5.2,57.0,Ballarat
59.0,78.0,7.8,,1016.8,21.4,0.0,33.0,Portland
49.0,71.0,2.1,6.0,1024.8,14.6,0.2,43.0,Hobart
11.0,27.0,11.4,,1016.4,33.7,0.0,54.0,Adelaide
95.0,78.0,,,,15.5,0.8,56.0,MountGinini
63.0,71.0,7.8,4.0,1011.0,18.1,0.0,33.0,Watsonia
46.0,52.0,12.0,4.0,1019.7,17.0,2.6,43.0,Perth
76.0,69.0,3.7,7.0,1014.0,23.9,0.0,41.0,Cairns
14.0,23.0,12.3,,1015.3,31.7,0.0,35.0,Adelaide
67.0,92.0,,,1014.8,14.5,0.0,39.0,Nhil
34.0,66.0,,,1005.1,30.9,5.4,41.0,Tuggeranong
70.0,69.0,7.3,5.0,1015.2,22.1,0.0,20.0,Brisbane
51.0,100.0,,,1022.7,15.5,0.0,13.0,Albury
47.0,58.0,12.5,1.0,1014.4,25.3,0.0,46.0,Melbourne
24.0,79.0,10.8,0.0,1023.0,25.8,0.0,31.0,Nuriootpa
61.0,77.0,,,,11.8,12.6,56.0,MountGinini
55.0,94.0,7.2,5.0,1023.1,15.4,0.0,22.0,Melbourne
61.0,90.0,2.8,8.0,1011.3,21.3,4.2,41.0,Sale
,,,,,,0.0,,Newcastle
45.0,78.0,,,1011.4,28.3,0.0,41.0,Wollongong
39.0,92.0,7.3,4.0,1011.0,12.5,10.4,80.0,Canberra
68.0,73.0,,,1022.3,21.0,0.0,30.0,GoldCoast
58.0,63.0,13.1,0.0,1022.6,19.1,0.0,30.0,Portland
63.0,60.0,,,1016.0,18.6,,41.0,Walpole
64.0,100.0,,8.0,1026.4,6.9,0.8,28.0,Ballarat
40.0,73.0,9.0,,1020.5,20.5,0.0,31.0,PearceRAAF
28.0,85.0,9.9,0.0,1010.6,23.1,0.0,63.0,Woomera
39.0,79.0,11.5,7.0,1020.7,24.9,3.0,24.0,Canberra
63.0,67.0,,3.0,1007.0,31.5,0.0,48.0,Townsville
57.0,76.0,,,1015.6,19.8,0.0,30.0,Witchcliffe
50.0,88.0,10.8,0.0,1016.3,23.4,0.0,39.0,PearceRAAF
74.0,97.0,0.2,7.0,1026.4,12.9,0.0,20.0,WaggaWagga
33.0,46.0,6.6,,1010.2,29.1,0.0,43.0,Adelaide
53.0,71.0,13.0,,1024.0,23.8,0.0,31.0,Hobart
52.0,59.0,3.1,7.0,1021.9,17.0,0.0,43.0,Melbourne
67.0,63.0,11.5,3.0,1013.8,25.8,0.0,41.0,CoffsHarbour
67.0,74.0,0.7,7.0,1016.8,20.6,0.0,30.0,Watsonia
45.0,70.0,,,1006.5,33.1,0.0,33.0,BadgerysCreek
52.0,75.0,,,1017.0,21.0,0.0,35.0,Launceston
45.0,100.0,7.0,4.0,1022.3,12.6,0.0,26.0,Sale
82.0,100.0,0.8,7.0,1004.2,15.3,3.6,22.0,Watsonia
49.0,75.0,5.8,7.0,1012.3,24.3,0.0,37.0,Sale
84.0,80.0,,,1013.9,21.2,0.0,44.0,Wollongong
15.0,21.0,10.6,1.0,1013.8,31.2,0.0,41.0,AliceSprings
35.0,64.0,,,,23.0,0.0,28.0,SalmonGums
45.0,58.0,,0.0,1012.3,28.0,0.0,39.0,Katherine
25.0,45.0,,1.0,1018.7,32.8,0.0,44.0,Ballarat
16.0,31.0,11.9,3.0,1017.1,31.7,0.0,35.0,Woomera
21.0,38.0,6.6,7.0,1007.6,35.7,0.0,52.0,AliceSprings
40.0,60.0,11.3,1.0,1019.3,22.1,0.0,35.0,PerthAirport
51.0,66.0,10.5,0.0,1025.4,21.1,0.0,31.0,SydneyAirport
77.0,99.0,,,1030.3,15.7,1.0,17.0,Richmond
15.0,36.0,13.0,6.0,1009.7,27.6,0.0,39.0,Moree
33.0,58.0,,,1015.1,27.6,0.0,39.0,Bendigo
65.0,71.0,,8.0,1015.6,18.2,0.0,28.0,Wollongong
70.0,98.0,,,1017.0,19.4,1.6,28.0,Walpole
79.0,94.0,,7.0,1009.1,17.4,166.8,63.0,Williamtown
21.0,59.0,,,1015.1,31.3,0.0,31.0,Albury
26.0,42.0,,,1005.2,30.9,1.8,39.0,Cobar
74.0,58.0,,4.0,1029.1,12.9,0.0,54.0,Wollongong
70.0,70.0,5.8,7.0,1021.8,17.0,0.0,48.0,CoffsHarbour
39.0,37.0,13.6,1.0,1013.3,22.0,0.0,59.0,Sydney
57.0,54.0,11.8,3.0,1008.4,30.7,0.0,43.0,Townsville
52.0,58.0,11.8,1.0,1022.3,18.2,0.0,35.0,Melbourne
79.0,60.0,,,1008.6,15.3,13.0,61.0,Launceston
50.0,92.0,1.9,6.0,1017.4,12.3,0.4,37.0,Melbourne
68.0,90.0,3.2,7.0,1001.9,30.7,36.8,35.0,Darwin
52.0,100.0,,,1028.9,13.9,0.0,31.0,Tuggeranong
51.0,94.0,6.0,3.0,1023.7,9.9,0.0,28.0,WaggaWagga
53.0,58.0,,7.0,1011.0,25.0,0.0,56.0,Cobar
25.0,56.0,10.8,1.0,1010.3,24.7,0.0,35.0,MountGambier
50.0,99.0,,,1027.4,18.1,0.2,19.0,Mildura
59.0,75.0,9.7,7.0,1007.3,23.4,22.8,30.0,Watsonia
61.0,90.0,1.7,7.0,1012.2,13.7,0.0,50.0,Watsonia
40.0,86.0,,,,14.9,0.0,33.0,Launceston
44.0,84.0,10.8,7.0,1010.1,30.3,0.0,33.0,Darwin
29.0,65.0,11.2,4.0,1012.5,29.5,0.0,35.0,Darwin
70.0,82.0,,,1028.4,15.6,0.0,24.0,NorahHead
37.0,66.0,9.0,,1018.1,13.4,0.0,39.0,Canberra
44.0,59.0,,,1008.4,31.7,,37.0,Cairns
98.0,73.0,,,,20.1,0.2,48.0,Penrith
29.0,53.0,,,1013.7,23.0,0.0,31.0,Bendigo
73.0,76.0,,8.0,1025.7,19.0,27.8,67.0,Wollongong
60.0,98.0,5.5,2.0,1015.8,19.3,23.8,30.0,Perth
93.0,88.0,,8.0,,20.5,0.8,30.0,Launceston
94.0,67.0,,,,7.5,0.0,39.0,MountGinini
49.0,84.0,9.5,5.0,1022.6,15.7,5.8,48.0,MountGambier
22.0,71.0,12.3,1.0,1014.0,34.2,0.0,37.0,MelbourneAirport
100.0,100.0,,,1016.5,20.4,0.4,33.0,BadgerysCreek
16.0,28.0,11.8,1.0,1006.2,35.6,0.0,48.0,AliceSprings
73.0,77.0,,,1011.9,22.9,1.4,37.0,Walpole
45.0,67.0,9.4,0.0,1021.3,21.8,0.0,24.0,Perth
58.0,86.0,,,1023.2,16.1,0.0,30.0,Nhil
56.0,70.0,6.8,7.0,1007.1,34.0,0.0,33.0,Darwin
50.0,47.0,4.1,7.0,1023.1,16.3,0.0,50.0,NorfolkIsland
73.0,96.0,0.5,7.0,1014.1,16.0,2.6,37.0,Melbourne
8.0,15.0,,,1011.5,37.8,0.0,57.0,Woomera
73.0,100.0,,,1025.4,20.2,0.2,24.0,Walpole
22.0,51.0,,,,21.2,0.0,43.0,SalmonGums
57.0,86.0,1.4,8.0,1008.0,22.4,0.2,30.0,MountGambier
19.0,56.0,,,998.6,22.8,0.0,109.0,Wollongong
83.0,81.0,,,1003.0,24.9,0.0,31.0,NorahHead
50.0,63.0,11.1,1.0,1019.4,19.2,0.2,35.0,SydneyAirport
56.0,66.0,,,1028.7,18.3,0.0,26.0,Wollongong
71.0,97.0,,,1020.3,25.5,7.0,30.0,NorahHead
88.0,84.0,1.9,8.0,1014.1,14.0,0.0,28.0,Perth
93.0,90.0,0.0,8.0,1021.6,18.1,22.8,46.0,SydneyAirport
53.0,62.0,11.7,1.0,1011.9,28.0,0.0,41.0,SydneyAirport
35.0,56.0,,,1018.6,16.4,0.0,28.0,NorahHead
73.0,90.0,2.1,8.0,1021.0,17.6,2.0,33.0,Portland
38.0,51.0,12.3,4.0,1006.6,33.4,0.0,44.0,Perth
56.0,61.0,9.1,7.0,1017.5,26.0,0.0,20.0,Brisbane
57.0,90.0,,,1004.1,16.8,22.2,50.0,Tuggeranong
59.0,70.0,,,1011.0,28.4,0.2,30.0,Cairns
48.0,87.0,3.3,7.0,1015.6,21.3,1.0,37.0,MountGambier
26.0,52.0,12.1,1.0,1008.5,23.3,0.0,39.0,Mildura
40.0,77.0,,1.0,1017.2,13.9,0.2,41.0,Cobar
51.0,93.0,0.6,7.0,1023.2,18.3,0.0,44.0,Watsonia
80.0,98.0,0.6,7.0,1014.0,16.1,5.6,31.0,MountGambier
85.0,95.0,,8.0,,15.8,2.4,15.0,Launceston
35.0,78.0,,,,23.9,0.0,24.0,Penrith
71.0,91.0,,8.0,1014.4,10.9,0.0,61.0,WaggaWagga
69.0,90.0,4.1,8.0,1022.1,19.2,0.0,,Sydney
,,,,,24.9,0.0,28.0,Penrith
6.0,19.0,7.1,1.0,1007.3,28.9,0.0,61.0,Mildura
38.0,72.0,,1.0,1019.9,21.7,0.0,43.0,Canberra
66.0,68.0,10.8,5.0,1038.0,15.0,0.0,,Albany
6.0,11.0,12.8,2.0,1004.1,40.6,0.0,33.0,AliceSprings
76.0,86.0,8.9,5.0,1016.0,19.4,0.0,,Albany
55.0,63.0,,8.0,1018.6,16.5,20.6,37.0,Portland
56.0,88.0,,4.0,1009.1,28.2,10.2,20.0,Bendigo
85.0,88.0,2.0,7.0,1001.3,13.9,3.4,50.0,Melbourne
100.0,100.0,,8.0,1012.5,7.5,1.4,48.0,Ballarat
33.0,53.0,4.1,7.0,1012.7,28.1,2.6,46.0,AliceSprings
13.0,18.0,,1.0,1008.8,28.2,0.0,43.0,Cobar
48.0,68.0,1.8,7.0,1015.7,21.0,0.0,39.0,WaggaWagga
29.0,50.0,,2.0,1023.1,27.1,0.0,37.0,Moree
70.0,62.0,,,1009.5,27.4,0.0,33.0,GoldCoast
21.0,36.0,,5.0,1014.9,22.7,0.0,30.0,Cobar
47.0,67.0,9.0,3.0,1008.6,30.5,0.0,31.0,Darwin
67.0,36.0,9.9,2.0,1010.3,22.0,0.0,50.0,Perth
66.0,91.0,,7.0,1002.7,23.2,0.8,26.0,Cobar
37.0,97.0,,1.0,,19.2,21.8,,Newcastle
36.0,53.0,,,1020.5,18.9,1.0,43.0,Albury
93.0,97.0,,7.0,999.7,12.7,18.4,52.0,Sale
19.0,38.0,10.9,1.0,1020.3,31.6,0.0,44.0,PearceRAAF
52.0,66.0,,8.0,,21.8,8.8,,Newcastle
46.0,85.0,4.5,7.0,1027.1,19.0,0.0,33.0,Sydney
58.0,69.0,9.1,5.0,1020.2,17.8,0.0,54.0,NorfolkIsland
51.0,60.0,,,1015.2,27.1,0.0,44.0,Sale
53.0,61.0,,,1021.3,23.5,0.0,30.0,GoldCoast
39.0,90.0,,,,12.4,0.0,,Canberra
62.0,81.0,0.7,,1019.3,19.6,65.2,70.0,Sydney
,,10.7,4.0,1017.4,28.0,0.0,37.0,Nuriootpa
57.0,64.0,7.3,,1013.2,11.8,0.0,50.0,Melbourne
65.0,57.0,9.6,6.0,1019.3,21.6,0.0,,Albany
72.0,84.0,7.4,,1012.1,20.4,3.2,52.0,PearceRAAF
70.0,84.0,,8.0,1023.0,13.0,0.2,22.0,Albury
26.0,58.0,10.1,0.0,1024.2,13.9,0.0,43.0,AliceSprings
13.0,37.0,13.1,,1014.8,31.8,0.0,57.0,PearceRAAF
86.0,63.0,,,1021.5,10.3,0.0,,Sale
34.0,49.0,13.1,,1006.0,31.9,0.0,24.0,Adelaide
72.0,93.0,9.0,,1016.1,13.2,1.4,48.0,Dartmoor
60.0,78.0,,,1018.6,25.0,0.0,26.0,Walpole
56.0,80.0,7.7,3.0,1018.8,26.0,0.6,28.0,CoffsHarbour
60.0,72.0,11.3,1.0,1011.9,28.1,0.0,41.0,Cairns
50.0,70.0,10.4,1.0,1025.7,20.8,0.6,41.0,Williamtown
35.0,64.0,,,1022.2,14.9,0.0,30.0,AliceSprings
54.0,56.0,,,1017.0,21.6,0.0,46.0,Witchcliffe
54.0,85.0,,8.0,1011.4,17.5,15.2,50.0,Canberra
56.0,74.0,8.8,2.0,1016.8,22.8,0.0,33.0,NorfolkIsland
66.0,85.0,9.1,7.0,1012.3,25.8,0.6,24.0,Brisbane
56.0,65.0,10.8,1.0,1019.3,21.6,0.0,26.0,SydneyAirport
82.0,88.0,,,1021.9,12.6,0.0,37.0,Nhil
52.0,63.0,3.7,,1022.1,13.8,0.0,22.0,Adelaide
78.0,99.0,,,1014.4,28.7,0.0,26.0,GoldCoast
51.0,75.0,6.1,7.0,1015.8,27.0,11.0,56.0,Cairns
55.0,75.0,,5.0,1029.4,14.7,0.0,17.0,MountGambier
46.0,71.0,9.9,1.0,1027.1,16.2,0.0,24.0,WaggaWagga
70.0,83.0,,,1005.0,13.7,12.2,50.0,Adelaide
18.0,38.0,12.9,,1009.5,30.9,0.0,43.0,AliceSprings
29.0,77.0,,,1005.7,19.0,0.0,57.0,Richmond
53.0,63.0,,8.0,1012.3,25.2,0.0,33.0,WaggaWagga
60.0,84.0,9.2,5.0,1010.9,11.1,13.2,78.0,MountGambier
49.0,63.0,8.2,4.0,1023.2,20.4,0.0,26.0,Brisbane
66.0,93.0,1.9,3.0,1017.7,20.6,,37.0,PearceRAAF
58.0,64.0,9.4,1.0,1025.9,17.4,0.0,35.0,NorfolkIsland
79.0,87.0,3.8,4.0,1014.3,24.9,0.0,52.0,SydneyAirport
94.0,97.0,,,,5.3,6.0,50.0,MountGinini
48.0,79.0,7.3,6.0,1025.6,15.2,0.0,26.0,Nuriootpa
53.0,75.0,6.6,3.0,1019.0,26.0,0.6,39.0,Sydney
52.0,61.0,9.6,5.0,1000.3,29.0,0.0,31.0,Portland
66.0,51.0,,,1012.7,20.4,0.0,43.0,Adelaide
47.0,82.0,,,1012.2,24.5,0.0,26.0,Richmond
37.0,99.0,11.4,2.0,1020.1,24.4,0.0,28.0,Watsonia
44.0,71.0,,6.0,1006.4,34.5,0.0,43.0,Katherine
62.0,62.0,9.1,2.0,1015.0,22.6,0.2,35.0,Brisbane
51.0,71.0,5.9,7.0,1015.3,25.0,3.6,52.0,Watsonia
94.0,47.0,0.1,8.0,1012.6,11.6,0.0,59.0,Melbourne
43.0,53.0,13.0,1.0,1015.2,26.7,0.0,46.0,Perth
15.0,26.0,,0.0,1010.1,29.6,0.0,39.0,Cobar
32.0,73.0,,2.0,1023.3,14.8,0.8,46.0,Bendigo
13.0,19.0,,1.0,1008.5,33.9,0.0,35.0,AliceSprings
63.0,95.0,2.8,7.0,1028.1,15.8,0.0,35.0,MelbourneAirport
51.0,63.0,8.3,,1018.1,14.6,2.0,43.0,Adelaide
40.0,81.0,,,1004.6,23.9,35.4,30.0,Launceston
81.0,71.0,,8.0,1012.9,15.4,4.6,57.0,Wollongong
54.0,73.0,4.6,7.0,1011.0,26.5,0.0,61.0,AliceSprings
9.0,61.0,,,1017.2,26.1,0.0,31.0,Canberra
30.0,58.0,13.4,0.0,1010.0,28.2,0.0,44.0,Mildura
22.0,42.0,,,998.3,31.3,0.0,56.0,Tuggeranong
33.0,52.0,9.8,,1012.7,19.4,17.2,43.0,Adelaide
84.0,72.0,4.1,7.0,1020.0,15.2,0.0,39.0,WaggaWagga
50.0,63.0,9.3,5.0,1000.4,34.2,3.4,52.0,Cairns
20.0,30.0,11.1,2.0,1017.0,22.9,0.2,50.0,Sydney
39.0,75.0,,,,27.6,0.0,,Canberra
41.0,81.0,,6.0,1027.3,11.5,0.2,20.0,Albury
46.0,57.0,,,1003.5,29.1,0.0,56.0,Sale
60.0,71.0,,8.0,1005.4,15.7,8.8,80.0,Sale
45.0,83.0,,,1001.0,31.3,0.0,28.0,BadgerysCreek
51.0,76.0,10.8,0.0,1013.0,26.5,0.0,35.0,MelbourneAirport
73.0,100.0,,,1009.8,20.6,1.6,20.0,BadgerysCreek
,55.0,,,1013.3,,0.0,,Albany
49.0,70.0,7.5,6.0,1017.1,18.4,0.0,39.0,WaggaWagga
95.0,97.0,,8.0,1007.3,22.5,99.2,28.0,Albury
38.0,71.0,,,,21.3,0.0,39.0,SalmonGums
39.0,79.0,11.1,7.0,1017.9,24.0,0.2,28.0,Watsonia
52.0,51.0,10.5,4.0,1022.1,15.2,0.2,41.0,Hobart
19.0,33.0,,,1013.6,33.0,0.0,31.0,Uluru
50.0,60.0,9.9,4.0,1013.9,18.9,0.0,43.0,Melbourne
81.0,96.0,1.9,6.0,1017.3,24.0,11.0,37.0,CoffsHarbour
,,,,1022.4,17.7,0.2,31.0,Witchcliffe
32.0,70.0,,,1026.2,25.2,0.0,37.0,Witchcliffe
61.0,82.0,7.3,,1022.4,12.7,0.0,22.0,Adelaide
69.0,97.0,,8.0,,15.5,3.4,,Newcastle
17.0,37.0,11.1,0.0,1012.3,21.9,0.0,44.0,AliceSprings
42.0,87.0,,,1017.6,16.0,0.0,41.0,Nhil
47.0,88.0,,2.0,1003.2,24.2,28.6,28.0,Albury
35.0,27.0,10.8,1.0,1011.1,33.1,0.0,43.0,PerthAirport
41.0,55.0,13.2,2.0,1009.6,30.8,0.0,37.0,Perth
47.0,100.0,,,,19.0,0.4,31.0,Penrith
24.0,68.0,11.1,1.0,1018.5,21.0,0.0,28.0,WaggaWagga
22.0,52.0,3.1,8.0,1009.8,20.9,0.0,41.0,Mildura
61.0,74.0,,,1010.0,18.2,0.0,37.0,Sale
43.0,85.0,8.3,3.0,1021.5,16.4,0.0,,Albany
27.0,51.0,,,,21.8,0.0,43.0,SalmonGums
72.0,77.0,0.4,7.0,1000.4,10.6,0.4,43.0,WaggaWagga
71.0,78.0,2.2,7.0,1026.8,14.7,1.8,31.0,Sydney
34.0,50.0,13.7,1.0,1007.7,29.8,0.0,50.0,MelbourneAirport
83.0,73.0,2.1,7.0,1004.9,27.7,0.6,28.0,Cairns
38.0,70.0,8.5,7.0,1007.2,34.4,0.0,41.0,Darwin
89.0,88.0,,8.0,1013.9,17.9,0.0,41.0,Sale
65.0,77.0,,,1020.2,18.4,0.0,28.0,Wollongong
31.0,85.0,0.9,8.0,1016.7,25.2,11.8,44.0,WaggaWagga
39.0,66.0,10.4,2.0,1012.2,29.8,0.0,24.0,Brisbane
,64.0,,,,,0.0,,Newcastle
17.0,40.0,11.0,0.0,1019.5,19.5,0.0,39.0,AliceSprings
70.0,89.0,0.0,8.0,1027.5,19.2,2.2,46.0,CoffsHarbour
47.0,46.0,10.8,4.0,1020.1,18.7,0.0,46.0,SydneyAirport
49.0,48.0,,,1024.1,18.1,0.0,57.0,Witchcliffe
54.0,90.0,9.9,,1020.0,23.5,0.0,41.0,Dartmoor
44.0,49.0,13.3,,1021.4,20.7,0.2,35.0,Adelaide
95.0,93.0,1.0,4.0,1017.1,23.4,0.0,,Albany
35.0,68.0,,,,33.9,0.0,33.0,Penrith
25.0,59.0,,8.0,1004.0,29.5,0.0,69.0,Bendigo
58.0,60.0,10.2,1.0,1021.8,19.3,0.0,39.0,SydneyAirport
59.0,77.0,,7.0,1021.4,19.6,0.0,28.0,Wollongong
60.0,99.0,5.0,6.0,1011.0,23.4,0.8,37.0,Watsonia
25.0,55.0,8.4,5.0,1021.7,25.6,0.0,26.0,WaggaWagga
90.0,82.0,,8.0,1020.0,13.2,16.2,46.0,Richmond
72.0,71.0,7.5,6.0,1003.2,18.5,5.2,,Albany
9.0,25.0,13.3,1.0,1012.9,41.5,0.0,35.0,Mildura
,72.0,11.7,,1010.9,,0.0,,Albany
68.0,70.0,,3.0,1003.7,30.5,0.0,39.0,Townsville
56.0,78.0,,,1018.1,23.2,23.4,48.0,BadgerysCreek
94.0,76.0,1.3,8.0,1012.0,17.8,1.8,65.0,CoffsHarbour
63.0,100.0,,,,17.2,0.4,19.0,Penrith
,,,,,,,33.0,MountGinini
49.0,53.0,,,1017.2,23.5,0.0,33.0,Witchcliffe
63.0,62.0,0.4,,1015.2,21.2,2.4,31.0,Sydney
60.0,69.0,12.1,5.0,1005.6,32.6,0.0,35.0,Townsville
69.0,71.0,,,1014.5,27.4,0.0,46.0,NorahHead
24.0,49.0,,,,37.7,0.0,39.0,Penrith
45.0,100.0,,,1021.4,19.5,0.0,22.0,BadgerysCreek
30.0,67.0,,2.0,1025.9,17.7,0.0,26.0,Moree
72.0,77.0,,,,11.5,0.0,30.0,MountGinini
37.0,66.0,11.1,3.0,1001.2,35.3,,37.0,Brisbane
48.0,65.0,,8.0,1020.9,19.8,0.0,35.0,Ballarat
58.0,81.0,2.5,7.0,1017.6,12.0,0.0,54.0,Melbourne
81.0,100.0,8.0,,1006.3,13.3,6.0,35.0,Dartmoor
47.0,58.0,,8.0,1016.4,12.6,0.0,48.0,Canberra
,71.0,8.5,8.0,1014.0,23.9,0.4,46.0,Sale
,,,,1004.1,30.3,0.0,48.0,Witchcliffe
25.0,53.0,10.9,0.0,1012.8,24.0,0.0,30.0,Cairns
47.0,74.0,,,1014.2,22.0,0.0,30.0,Adelaide
41.0,93.0,7.2,3.0,1026.1,16.3,7.0,35.0,PerthAirport
55.0,78.0,,,1019.8,13.6,0.2,22.0,Albury
10.0,18.0,7.1,7.0,999.8,35.7,0.0,70.0,MountGambier
53.0,72.0,,,1017.9,23.9,0.2,48.0,Witchcliffe
4.0,20.0,13.4,0.0,1012.3,37.2,0.0,35.0,Nuriootpa
92.0,77.0,,,1020.6,18.4,1.2,44.0,GoldCoast
70.0,97.0,,6.0,,23.0,5.2,,Newcastle
86.0,83.0,,,1013.2,26.5,5.2,31.0,GoldCoast
41.0,51.0,11.2,1.0,1017.4,25.1,0.0,39.0,PerthAirport
25.0,61.0,,,1019.5,28.6,0.0,26.0,Albury
29.0,62.0,,,,23.0,0.0,30.0,SalmonGums
95.0,83.0,2.6,8.0,1007.6,24.6,12.2,59.0,Darwin
65.0,99.0,3.6,6.0,1009.8,26.5,0.0,87.0,Sale
93.0,95.0,,,,14.5,10.6,43.0,SalmonGums
51.0,84.0,9.0,4.0,1025.6,17.2,0.0,33.0,PerthAirport
30.0,56.0,13.6,2.0,1013.8,30.6,0.0,35.0,Moree
54.0,58.0,,,1017.6,16.8,0.2,37.0,NorahHead
38.0,70.0,11.4,5.0,1008.8,34.5,0.0,26.0,Darwin
23.0,48.0,,,,29.3,0.0,39.0,SalmonGums
32.0,79.0,,,1018.9,17.4,0.4,,Moree
65.0,62.0,,,1015.6,21.5,38.8,72.0,GoldCoast
4.0,21.0,9.8,1.0,1010.6,30.4,0.0,67.0,Mildura
28.0,47.0,,,1025.2,20.9,0.0,30.0,Woomera
97.0,98.0,,,,17.7,1.4,37.0,MountGinini
60.0,61.0,,,1021.1,19.7,0.0,56.0,GoldCoast
33.0,46.0,8.7,5.0,1015.2,21.8,0.0,35.0,PerthAirport
15.0,45.0,10.2,0.0,1014.5,28.1,0.0,39.0,Woomera
62.0,61.0,,,1019.1,22.1,0.0,52.0,NorahHead
20.0,46.0,12.0,3.0,1009.8,37.2,0.0,30.0,Mildura
53.0,62.0,7.2,7.0,1012.2,29.8,0.0,31.0,Brisbane
68.0,99.0,1.8,,1032.6,11.0,0.0,28.0,Dartmoor
52.0,74.0,,,,29.7,0.2,54.0,Penrith
47.0,57.0,6.4,,1020.6,19.7,0.0,39.0,Adelaide
41.0,63.0,10.7,7.0,1008.0,28.1,0.0,50.0,AliceSprings
50.0,72.0,,,1000.1,18.1,3.4,46.0,Wollongong
36.0,46.0,,,1013.0,21.3,0.0,46.0,Wollongong
29.0,47.0,9.9,5.0,1003.1,34.7,9.0,46.0,AliceSprings
59.0,88.0,7.9,3.0,1023.3,12.4,0.8,26.0,Hobart
67.0,75.0,2.6,,1022.9,17.0,0.2,41.0,Dartmoor
,,,,1014.6,23.5,0.8,41.0,Cobar
81.0,88.0,,,1006.2,24.6,4.8,31.0,NorahHead
47.0,61.0,8.5,,1018.8,14.4,8.7,65.0,Nuriootpa
27.0,52.0,7.9,6.0,1012.6,20.1,0.0,41.0,Mildura
48.0,60.0,9.7,6.0,1002.5,31.3,1.6,50.0,PerthAirport
66.0,98.0,,1.0,1005.9,23.9,3.6,69.0,Ballarat
46.0,80.0,4.9,6.0,1018.4,15.7,0.0,35.0,Moree
46.0,75.0,0.2,6.0,1029.8,13.6,0.2,20.0,Melbourne
80.0,90.0,4.3,7.0,1021.3,10.4,0.6,44.0,Nuriootpa
38.0,67.0,,,1021.2,23.9,0.0,56.0,Ballarat
54.0,45.0,,,,11.7,0.0,22.0,MountGinini
36.0,52.0,,,1016.8,17.7,0.2,37.0,BadgerysCreek
93.0,91.0,4.0,8.0,1019.3,11.3,1.4,39.0,Portland
35.0,58.0,,,1021.5,24.9,0.0,37.0,Ballarat
52.0,71.0,,,1024.8,20.1,0.0,24.0,Launceston
67.0,88.0,3.7,7.0,1008.0,29.4,1.4,35.0,Townsville
65.0,67.0,11.1,2.0,1016.7,23.3,0.0,30.0,NorfolkIsland
68.0,68.0,,,1013.4,16.1,0.0,46.0,Witchcliffe
75.0,80.0,,,1018.6,25.6,0.0,35.0,NorahHead
57.0,60.0,2.7,7.0,1010.9,13.6,0.6,44.0,Hobart
58.0,72.0,6.1,6.0,1020.7,18.5,0.8,,Albany
52.0,69.0,,,1015.4,18.4,0.2,33.0,Walpole
50.0,58.0,2.9,7.0,1020.8,18.9,0.0,24.0,Perth
35.0,75.0,,,1018.6,18.2,0.0,31.0,Bendigo
54.0,92.0,,,1021.5,16.9,1.0,28.0,Witchcliffe
32.0,67.0,,,1010.3,27.8,3.6,50.0,Tuggeranong
30.0,59.0,9.5,1.0,1027.5,19.7,0.0,35.0,PerthAirport
26.0,45.0,7.9,7.0,1017.7,24.4,0.0,35.0,Townsville
65.0,90.0,9.1,3.0,1016.3,10.1,0.2,57.0,Watsonia
43.0,67.0,,,1004.9,24.3,0.6,81.0,Walpole
55.0,98.0,5.5,7.0,1022.2,17.0,1.2,22.0,Watsonia
62.0,75.0,5.3,7.0,1023.6,17.1,4.4,48.0,CoffsHarbour
18.0,38.0,12.5,,1015.5,35.4,0.0,26.0,Adelaide
49.0,76.0,,,1011.5,27.1,1.2,44.0,Walpole
61.0,78.0,3.8,,1012.6,20.5,15.2,39.0,Adelaide
36.0,72.0,,,1014.4,22.7,0.0,39.0,Sale
15.0,38.0,10.6,1.0,1019.3,22.0,0.0,33.0,Woomera
31.0,44.0,10.2,1.0,1014.5,23.3,0.0,41.0,Sydney
42.0,58.0,,,1023.6,20.8,0.0,26.0,Richmond
74.0,82.0,3.0,7.0,1005.7,25.3,2.6,,Moree
52.0,58.0,,,1024.3,20.7,0.0,30.0,CoffsHarbour
48.0,46.0,7.2,1.0,1022.3,18.0,19.8,52.0,SydneyAirport
82.0,92.0,3.3,,1016.2,21.5,56.0,31.0,Sydney
69.0,93.0,,6.0,1021.3,20.4,0.8,57.0,Bendigo
61.0,61.0,,,1014.1,22.4,0.0,41.0,NorahHead
28.0,36.0,,,1016.9,27.4,0.0,37.0,Woomera
53.0,64.0,1.6,,1009.4,21.8,0.0,57.0,Melbourne
34.0,72.0,,,1018.1,24.6,0.0,39.0,Canberra
81.0,81.0,6.3,8.0,1010.0,10.0,2.2,81.0,Portland
24.0,71.0,10.8,0.0,1019.4,21.9,0.0,30.0,Nuriootpa
96.0,84.0,3.3,8.0,1016.0,7.7,0.0,50.0,Watsonia
52.0,59.0,,2.0,999.7,19.7,0.0,37.0,Wollongong
71.0,99.0,,,,10.8,0.0,11.0,Launceston
43.0,83.0,,,1015.1,20.4,0.0,22.0,Richmond
59.0,56.0,6.2,6.0,1024.4,19.8,0.0,26.0,Brisbane
18.0,47.0,,,1014.9,28.5,0.0,50.0,Woomera
40.0,56.0,,,,24.5,0.0,39.0,SalmonGums
19.0,23.0,11.1,7.0,1012.1,29.8,0.0,43.0,Darwin
,96.0,,,,,0.0,,Newcastle
57.0,,,1.0,,25.0,0.0,,Newcastle
10.0,44.0,,4.0,1009.9,38.0,0.0,46.0,Katherine
47.0,68.0,,,,26.2,0.0,28.0,Penrith
57.0,99.0,,,1013.9,20.9,10.6,30.0,Witchcliffe
23.0,48.0,,,1003.6,38.9,0.0,57.0,AliceSprings
35.0,64.0,6.9,6.0,1018.5,18.5,0.0,31.0,Cobar
53.0,67.0,,6.0,1006.8,23.3,0.0,37.0,Richmond
10.0,23.0,12.9,0.0,1019.2,27.5,0.0,52.0,PerthAirport
35.0,62.0,11.0,6.0,1026.0,21.1,0.0,54.0,Melbourne
97.0,93.0,,,1012.6,14.8,15.4,39.0,Walpole
32.0,48.0,10.5,3.0,999.3,13.7,6.2,98.0,Sale
19.0,34.0,10.9,0.0,1010.4,19.4,0.2,70.0,SydneyAirport
72.0,93.0,3.0,7.0,1031.3,12.0,1.4,20.0,MountGambier
52.0,64.0,10.5,5.0,1010.1,32.2,0.0,37.0,Darwin
49.0,92.0,,,1023.2,20.6,0.0,28.0,BadgerysCreek
54.0,87.0,11.8,3.0,1019.9,27.3,0.0,35.0,SydneyAirport
29.0,62.0,,,1010.5,25.0,0.0,43.0,Bendigo
61.0,60.0,8.5,5.0,1015.2,20.5,0.0,37.0,NorfolkIsland
53.0,76.0,,,1020.9,20.6,0.0,43.0,NorahHead
47.0,85.0,,,1018.2,17.9,0.0,46.0,BadgerysCreek
25.0,41.0,11.8,,1012.1,19.7,1.0,74.0,Hobart
39.0,79.0,,,1016.2,15.5,0.2,22.0,Tuggeranong
100.0,100.0,,,1015.0,18.4,0.0,31.0,BadgerysCreek
88.0,82.0,0.0,8.0,1008.2,13.2,0.4,26.0,Melbourne
33.0,53.0,12.8,0.0,1017.1,28.2,0.0,39.0,Melbourne
6.0,14.0,12.3,2.0,1005.0,39.7,0.0,37.0,AliceSprings
35.0,38.0,8.2,4.0,1006.3,26.6,0.0,63.0,Mildura
39.0,66.0,,,998.5,22.7,20.0,48.0,Richmond
37.0,59.0,,,,26.9,0.0,37.0,SalmonGums
60.0,63.0,,,1012.8,24.3,0.0,46.0,NorahHead
12.0,35.0,,,,32.2,0.0,44.0,SalmonGums
52.0,100.0,,,1030.2,14.0,0.2,17.0,Nhil
42.0,81.0,,1.0,1016.1,29.8,0.0,39.0,Richmond
50.0,71.0,11.0,4.0,1020.5,21.7,0.0,46.0,MelbourneAirport
67.0,72.0,,,1028.2,18.2,0.0,22.0,NorahHead
60.0,61.0,,,1022.1,22.4,2.0,33.0,NorahHead
56.0,63.0,,,997.2,14.1,5.0,54.0,Launceston
47.0,55.0,11.8,1.0,1013.5,28.5,0.0,33.0,Perth
96.0,80.0,,,,8.5,0.0,54.0,MountGinini
60.0,86.0,,6.0,1020.7,11.1,1.4,50.0,Albury
73.0,85.0,2.6,7.0,1016.6,13.4,0.0,44.0,Nuriootpa
54.0,81.0,,2.0,1011.7,24.8,0.0,44.0,Bendigo
65.0,79.0,2.5,6.0,1019.1,20.5,3.4,22.0,SydneyAirport
56.0,78.0,7.5,6.0,1001.3,11.9,0.0,28.0,Hobart
6.0,9.0,,,1009.5,39.5,0.0,44.0,Uluru
26.0,62.0,9.2,0.0,1015.9,21.3,0.0,28.0,Mildura
30.0,52.0,,8.0,1008.1,33.1,0.0,48.0,Canberra
28.0,81.0,,,,29.3,0.0,39.0,Penrith
41.0,69.0,,,1005.1,19.3,0.0,44.0,NorahHead
70.0,70.0,,,,17.9,0.2,22.0,BadgerysCreek
42.0,88.0,,8.0,1010.1,14.1,2.8,57.0,Canberra
62.0,71.0,5.0,3.0,1015.4,23.6,0.2,52.0,Cairns
23.0,33.0,11.1,0.0,1014.4,28.3,0.0,50.0,Darwin
27.0,44.0,,,,32.9,0.0,41.0,SalmonGums
26.0,50.0,10.1,6.0,1013.7,22.3,0.0,56.0,Nuriootpa
66.0,76.0,,4.0,1016.5,24.2,2.2,31.0,CoffsHarbour
62.0,85.0,,,,14.7,15.2,57.0,SalmonGums
36.0,48.0,,,,25.5,0.0,48.0,Witchcliffe
47.0,100.0,,,1011.4,17.2,0.0,22.0,BadgerysCreek
79.0,87.0,0.0,8.0,999.3,24.4,2.6,35.0,SydneyAirport
13.0,44.0,,7.0,1010.9,28.7,0.0,31.0,Cobar
43.0,53.0,,,1012.9,15.6,0.0,,Tuggeranong
44.0,71.0,,6.0,1015.7,26.5,0.0,39.0,Cobar
95.0,54.0,1.4,8.0,1001.6,24.1,9.0,50.0,PearceRAAF
87.0,80.0,,8.0,1020.2,14.5,75.8,96.0,Wollongong
17.0,49.0,9.2,3.0,1014.9,22.7,0.0,41.0,PerthAirport
73.0,58.0,9.8,3.0,1019.8,18.4,0.0,35.0,SydneyAirport
64.0,96.0,,,1022.9,14.8,6.2,20.0,Walpole
80.0,81.0,1.1,7.0,1006.6,28.9,4.4,43.0,Darwin
58.0,69.0,,,1028.2,16.1,0.0,30.0,Witchcliffe
23.0,37.0,11.1,1.0,1007.5,27.2,0.0,37.0,Townsville
4.0,9.0,11.2,,1009.8,39.9,0.0,43.0,Woomera
51.0,82.0,,,1021.7,12.8,0.2,50.0,Ballarat
18.0,63.0,,,1009.1,37.5,0.0,33.0,Richmond
29.0,60.0,12.8,,1019.3,27.6,0.0,31.0,Adelaide
65.0,56.0,9.2,6.0,1026.6,16.9,0.0,,Albany
20.0,71.0,,,1011.5,28.3,0.0,43.0,Sale
42.0,52.0,,8.0,1017.3,12.9,0.2,74.0,Canberra
67.0,77.0,8.1,2.0,1007.1,32.5,2.0,35.0,Darwin
68.0,98.0,,,,24.3,8.8,30.0,Penrith
57.0,82.0,2.8,7.0,1020.4,19.6,0.0,35.0,SydneyAirport
47.0,78.0,12.4,3.0,1020.1,23.4,0.0,37.0,MountGambier
42.0,34.0,11.6,1.0,1019.1,21.6,0.0,44.0,Sydney
71.0,58.0,,,1019.7,20.9,0.2,72.0,NorahHead
68.0,85.0,5.8,5.0,1015.3,23.0,0.0,30.0,NorfolkIsland
55.0,68.0,8.6,3.0,1006.8,10.3,3.4,50.0,Canberra
35.0,72.0,,,1014.3,20.1,0.0,48.0,Albury
35.0,59.0,,5.0,1029.1,23.1,0.0,,Moree
53.0,81.0,,7.0,1014.0,27.4,0.0,26.0,Williamtown
75.0,70.0,,8.0,1007.7,18.0,0.0,44.0,Sale
22.0,47.0,,,,24.9,0.0,81.0,Penrith
45.0,71.0,6.5,7.0,1021.5,15.4,0.0,44.0,MelbourneAirport
46.0,42.0,12.2,1.0,1019.9,22.0,0.0,48.0,PerthAirport
44.0,71.0,,3.0,1021.9,19.4,0.0,31.0,Bendigo
26.0,43.0,12.5,1.0,1013.1,28.0,0.0,37.0,AliceSprings
57.0,69.0,10.1,1.0,1014.4,21.5,0.0,,Albany
63.0,57.0,8.1,3.0,1018.7,19.0,0.0,,Albany
73.0,100.0,,,1018.4,17.5,0.0,,Sale
86.0,74.0,1.8,8.0,1021.1,10.4,0.0,59.0,Portland
35.0,75.0,,,,24.8,0.2,19.0,Penrith
47.0,58.0,11.5,3.0,1013.1,24.9,0.0,46.0,WaggaWagga
70.0,55.0,,,1011.6,24.4,0.4,33.0,Walpole
42.0,53.0,,,1011.2,32.2,0.0,44.0,Cairns
53.0,54.0,6.1,6.0,1013.9,22.5,0.0,,Sydney
42.0,67.0,11.4,6.0,1008.5,31.2,0.0,59.0,AliceSprings
52.0,64.0,8.2,,1021.5,21.7,0.0,39.0,Adelaide
94.0,95.0,,,,1.8,0.0,74.0,MountGinini
68.0,84.0,1.0,8.0,1009.1,26.6,0.4,63.0,SydneyAirport
41.0,73.0,,6.0,1003.0,37.0,1.0,94.0,Katherine
27.0,58.0,13.1,0.0,1010.2,38.0,0.0,20.0,Perth
58.0,52.0,10.6,2.0,1020.2,19.4,0.0,54.0,CoffsHarbour
50.0,63.0,4.8,7.0,1008.3,31.6,0.0,35.0,Darwin
15.0,27.0,12.6,,1007.4,39.7,0.0,54.0,PearceRAAF
64.0,59.0,,,1017.5,19.3,0.0,46.0,NorahHead
48.0,57.0,9.7,1.0,1015.8,14.3,0.0,56.0,Brisbane
44.0,58.0,11.7,1.0,1010.9,22.1,0.0,31.0,Perth
48.0,55.0,9.6,3.0,1018.6,14.4,0.0,44.0,SydneyAirport
46.0,48.0,8.3,2.0,1022.7,17.9,0.2,56.0,NorfolkIsland
71.0,62.0,,,1018.9,18.3,0.0,39.0,GoldCoast
25.0,55.0,,5.0,1017.1,28.0,0.0,24.0,Cobar
74.0,76.0,8.8,7.0,,22.4,0.0,,Albany
54.0,67.0,11.1,1.0,1012.2,27.4,0.0,31.0,Townsville
22.0,46.0,11.1,1.0,1011.5,31.8,0.0,50.0,Darwin
10.0,51.0,,,1011.6,30.5,0.0,41.0,BadgerysCreek
70.0,80.0,,,1010.4,26.6,0.0,33.0,NorahHead
22.0,57.0,,,,32.1,0.0,33.0,SalmonGums
60.0,70.0,,,1021.3,20.9,4.0,70.0,NorahHead
28.0,43.0,12.3,2.0,1008.5,36.7,0.0,39.0,PearceRAAF
39.0,9.0,10.1,7.0,1007.2,30.5,0.0,35.0,PerthAirport
34.0,66.0,,,1007.2,19.5,0.2,37.0,Tuggeranong
76.0,74.0,0.0,8.0,1024.2,11.5,0.4,33.0,Nuriootpa
42.0,64.0,8.6,,1020.3,18.6,0.0,30.0,PearceRAAF
62.0,79.0,,,1005.3,22.2,0.0,37.0,Launceston
80.0,69.0,2.7,7.0,1010.7,10.5,1.0,37.0,Watsonia
34.0,61.0,9.3,1.0,1004.8,23.3,0.0,44.0,Portland
48.0,51.0,11.5,2.0,1018.0,25.3,0.0,24.0,Brisbane
62.0,98.0,5.8,6.0,1018.2,15.5,2.6,28.0,Portland
90.0,88.0,0.5,8.0,1006.3,25.8,8.6,39.0,Cairns
65.0,61.0,6.4,7.0,1012.6,24.4,0.0,37.0,Townsville
61.0,66.0,7.5,7.0,1007.3,29.9,0.0,28.0,Brisbane
43.0,89.0,,0.0,1019.3,19.8,0.4,22.0,Mildura
45.0,89.0,7.8,2.0,1023.0,11.3,0.2,41.0,Canberra
23.0,47.0,,,1013.1,28.0,0.0,37.0,Albury
35.0,92.0,,,,27.1,0.0,17.0,Penrith
41.0,71.0,,5.0,,25.0,0.0,,Newcastle
59.0,97.0,,1.0,1015.7,19.6,0.0,33.0,Richmond
43.0,65.0,,3.0,,17.5,0.0,,Newcastle
48.0,50.0,2.4,7.0,1016.3,16.4,0.0,57.0,Hobart
51.0,73.0,7.5,6.0,1011.6,16.4,20.8,50.0,Hobart
41.0,75.0,,3.0,1017.8,14.9,0.0,33.0,Cobar
41.0,53.0,,,1003.3,21.8,0.0,76.0,Nhil
49.0,65.0,10.6,4.0,1015.2,21.7,0.0,33.0,MelbourneAirport
40.0,82.0,9.5,,1005.5,15.5,4.2,70.0,Sydney
58.0,73.0,6.0,4.0,1019.1,20.4,0.2,48.0,Sale
76.0,95.0,1.6,7.0,1029.5,10.8,1.2,31.0,MelbourneAirport
58.0,65.0,11.0,3.0,1012.4,27.9,0.0,35.0,Townsville
44.0,77.0,11.5,,1005.5,22.4,0.0,46.0,Dartmoor
77.0,36.0,,8.0,995.7,12.7,0.0,70.0,Ballarat
26.0,35.0,10.5,2.0,1012.9,31.8,0.0,41.0,AliceSprings
48.0,64.0,9.5,3.0,1021.9,20.1,0.0,43.0,Watsonia
21.0,42.0,13.0,0.0,1016.2,28.7,0.0,39.0,Perth
49.0,77.0,,,,18.2,0.4,46.0,SalmonGums
88.0,89.0,,,1025.5,14.0,,31.0,Adelaide
69.0,31.0,6.5,,1016.3,16.3,0.0,48.0,Dartmoor
77.0,87.0,4.0,7.0,1011.5,25.2,1.6,24.0,CoffsHarbour
80.0,90.0,0.0,7.0,1017.2,22.7,4.6,43.0,Cairns
23.0,49.0,,,1014.5,31.3,0.0,44.0,Tuggeranong
43.0,56.0,,,1012.7,15.5,0.2,69.0,BadgerysCreek
26.0,52.0,,,1014.4,28.0,0.0,37.0,Bendigo
10.0,26.0,10.8,4.0,1011.5,33.3,0.0,43.0,Moree
20.0,26.0,10.3,7.0,1009.5,36.1,0.0,44.0,AliceSprings
58.0,69.0,10.9,1.0,1018.3,26.7,0.0,24.0,Brisbane
43.0,56.0,,,1020.5,15.6,1.0,31.0,Adelaide
47.0,68.0,6.4,8.0,1006.6,30.1,0.0,,PearceRAAF
29.0,64.0,,,,20.2,0.0,48.0,SalmonGums
20.0,26.0,10.2,5.0,1012.7,33.0,0.0,46.0,AliceSprings
48.0,93.0,,,1025.3,12.4,0.0,20.0,Tuggeranong
26.0,63.0,9.4,6.0,1008.9,29.1,0.0,65.0,Woomera
23.0,59.0,,5.0,1008.6,34.5,0.2,48.0,Cobar
72.0,72.0,,,1016.1,19.7,0.2,39.0,Walpole
78.0,79.0,4.5,7.0,1027.7,15.5,6.8,,Albany
60.0,50.0,10.6,2.0,1016.3,21.8,0.0,56.0,SydneyAirport
6.0,27.0,,1.0,1026.4,25.2,0.0,44.0,Cobar
,96.0,,,1011.7,,9.2,,Albany
39.0,50.0,9.2,,1015.8,20.6,0.0,43.0,Adelaide
47.0,54.0,10.9,1.0,1010.8,29.3,0.0,43.0,Townsville
53.0,58.0,8.5,2.0,1016.0,25.9,0.0,35.0,Cairns
59.0,67.0,10.2,1.0,1010.2,29.3,0.0,31.0,Darwin
79.0,100.0,1.3,7.0,1026.9,10.4,0.0,19.0,MelbourneAirport
79.0,83.0,,8.0,,23.5,10.7,,Newcastle
50.0,87.0,7.0,3.0,1022.3,14.0,0.0,35.0,Sale
75.0,76.0,4.7,7.0,1025.6,14.7,4.6,41.0,MountGambier
74.0,98.0,,,1026.1,16.2,1.8,52.0,Walpole
27.0,83.0,,3.0,1017.6,28.3,5.8,46.0,Bendigo
14.0,35.0,13.0,1.0,1013.6,34.8,0.0,35.0,Perth
74.0,74.0,,,1019.1,23.0,0.0,30.0,GoldCoast
44.0,76.0,11.2,,1018.3,19.1,0.0,33.0,Moree
42.0,74.0,10.0,2.0,1024.0,18.8,0.0,,PerthAirport
62.0,69.0,7.6,2.0,1017.2,19.9,1.2,37.0,NorfolkIsland
55.0,63.0,,,,15.9,0.0,43.0,SalmonGums
35.0,74.0,,,1009.6,26.5,0.0,37.0,Bendigo
89.0,84.0,0.1,8.0,1005.1,22.9,17.8,52.0,Moree
56.0,92.0,,,1021.4,22.6,0.2,20.0,Dartmoor
68.0,62.0,,,1021.0,20.4,0.0,20.0,NorahHead
55.0,100.0,,,1013.1,24.7,0.0,17.0,BadgerysCreek
60.0,55.0,10.3,5.0,1013.6,26.5,0.0,33.0,Townsville
45.0,56.0,10.8,5.0,1018.1,25.4,0.0,35.0,Townsville
89.0,94.0,,8.0,1015.1,8.9,0.0,33.0,Albury
36.0,67.0,,,1009.9,31.9,0.0,30.0,Launceston
48.0,57.0,8.2,6.0,1008.9,29.5,1.8,48.0,Moree
70.0,82.0,,7.0,1011.1,29.0,26.8,37.0,Cairns
41.0,47.0,11.9,2.0,1019.5,20.1,0.0,46.0,PerthAirport
90.0,96.0,,,1005.5,18.2,27.6,63.0,NorahHead
7.0,18.0,,,1010.7,33.3,0.0,35.0,Uluru
93.0,100.0,,,1019.9,20.0,9.4,20.0,Richmond
91.0,58.0,3.9,7.0,1023.3,12.7,5.2,50.0,SydneyAirport
59.0,76.0,10.0,2.0,1011.5,27.2,0.0,26.0,Darwin
49.0,79.0,,7.0,1002.6,27.6,2.8,35.0,Williamtown
33.0,80.0,9.5,,1014.7,20.9,0.0,35.0,Nuriootpa
38.0,54.0,7.1,6.0,1011.0,23.8,0.0,41.0,Hobart
60.0,85.0,5.9,2.0,1012.1,17.1,0.0,17.0,Watsonia
77.0,76.0,8.8,6.0,1011.4,23.8,0.2,63.0,SydneyAirport
54.0,62.0,,,1020.4,21.0,0.0,43.0,BadgerysCreek
87.0,76.0,1.7,7.0,1027.2,15.8,0.0,35.0,Sydney
57.0,72.0,6.0,3.0,1010.1,30.3,0.0,35.0,Darwin
37.0,56.0,,,1013.3,16.7,0.0,28.0,NorahHead
15.0,25.0,13.0,3.0,1010.1,38.1,0.0,43.0,Cobar
67.0,61.0,,,,14.7,0.0,78.0,SalmonGums
42.0,63.0,,4.0,1013.2,23.6,0.0,46.0,Canberra
28.0,42.0,11.1,,1017.9,26.4,0.0,54.0,PearceRAAF
93.0,98.0,7.8,8.0,1019.5,14.7,1.4,50.0,Portland
69.0,49.0,10.4,5.0,1021.1,15.2,2.6,37.0,NorfolkIsland
58.0,86.0,5.6,5.0,1013.3,20.4,19.2,54.0,PerthAirport
61.0,67.0,9.8,7.0,1002.0,20.6,0.0,,Albany
27.0,73.0,10.2,2.0,1011.2,31.5,0.0,44.0,Darwin
56.0,99.0,,,,19.8,0.0,19.0,Penrith
57.0,60.0,,,1020.1,23.1,0.0,37.0,Ballarat
47.0,76.0,3.5,7.0,1012.1,19.4,0.0,33.0,SydneyAirport
58.0,100.0,8.6,2.0,1024.3,17.2,0.2,13.0,Watsonia
59.0,67.0,9.0,3.0,1010.6,25.4,0.0,44.0,Sydney
93.0,99.0,5.0,,1015.1,13.7,2.0,30.0,Dartmoor
59.0,78.0,,2.0,1017.6,18.3,1.2,56.0,Ballarat
57.0,61.0,14.1,,1006.4,18.9,0.0,54.0,Portland
87.0,79.0,5.0,7.0,1016.4,12.5,12.0,54.0,MountGambier
89.0,76.0,3.1,7.0,1028.5,14.6,3.8,31.0,CoffsHarbour
58.0,81.0,,,1012.2,14.6,6.6,39.0,Nhil
81.0,71.0,0.1,6.0,1028.1,11.3,1.6,37.0,MountGambier
66.0,69.0,5.6,6.0,993.4,13.7,1.8,37.0,MelbourneAirport
80.0,79.0,7.5,7.0,1012.3,16.0,0.0,,Albany
69.0,100.0,7.1,,1020.8,20.1,0.6,39.0,Dartmoor
54.0,56.0,,,1013.9,28.1,0.0,30.0,GoldCoast
61.0,99.0,,,1019.3,19.0,0.0,50.0,Launceston
46.0,62.0,12.7,3.0,1020.0,22.9,0.0,,Sydney
59.0,82.0,,,1023.5,17.4,0.0,20.0,Walpole
67.0,95.0,4.3,4.0,1015.9,18.3,0.2,35.0,Mildura
58.0,93.0,,7.0,,22.8,9.6,,Newcastle
54.0,75.0,10.6,3.0,1013.2,29.7,0.0,30.0,Darwin
64.0,81.0,1.7,,1011.4,14.9,7.2,48.0,Adelaide
16.0,32.0,9.2,,1013.8,26.9,0.0,31.0,PearceRAAF
14.0,34.0,,,1009.8,39.6,0.0,61.0,Bendigo
7.0,25.0,12.0,,1012.2,32.2,0.0,31.0,Adelaide
25.0,75.0,12.6,3.0,1006.7,31.0,0.0,43.0,Sale
93.0,83.0,0.8,8.0,1019.0,17.8,0.0,,Albany
66.0,62.0,11.4,3.0,1020.4,22.8,0.0,33.0,NorfolkIsland
32.0,65.0,,,,32.7,0.2,31.0,SalmonGums
38.0,69.0,,,,33.7,0.0,41.0,SalmonGums
56.0,85.0,11.5,,1023.0,16.2,0.2,35.0,Dartmoor
60.0,58.0,,,,22.4,0.0,,CoffsHarbour
42.0,62.0,,,1014.2,24.9,0.0,37.0,Richmond
73.0,98.0,,7.0,1025.5,10.6,3.2,44.0,Ballarat
59.0,81.0,,,,25.4,10.0,26.0,Penrith
40.0,56.0,11.1,1.0,1005.3,24.6,0.0,48.0,SydneyAirport
65.0,67.0,8.7,3.0,1021.7,19.9,0.0,,Albany
65.0,65.0,,,,19.2,1.6,31.0,BadgerysCreek
80.0,88.0,,,1020.4,20.8,0.0,33.0,NorahHead
36.0,87.0,,,1018.1,21.6,0.0,24.0,Adelaide
79.0,89.0,,8.0,,12.9,8.4,44.0,Launceston
16.0,33.0,,8.0,1022.1,19.7,0.4,43.0,AliceSprings
63.0,58.0,11.8,0.0,1019.4,19.0,0.0,,Albany
34.0,81.0,10.2,6.0,1021.5,20.5,1.2,35.0,MountGambier
38.0,70.0,9.3,0.0,1025.2,18.7,0.0,24.0,PerthAirport
54.0,86.0,9.1,5.0,1017.9,21.4,3.2,31.0,PerthAirport
14.0,22.0,12.6,,1019.1,25.4,0.0,63.0,Melbourne
52.0,61.0,12.1,1.0,1011.4,27.2,0.0,33.0,PerthAirport
29.0,40.0,,,1016.0,20.7,0.0,35.0,Launceston
53.0,64.0,,,1015.4,17.6,0.0,56.0,Witchcliffe
26.0,38.0,,,,24.3,0.0,35.0,Penrith
70.0,78.0,,,1008.5,28.5,1.2,41.0,GoldCoast
48.0,54.0,,7.0,1011.8,22.0,0.0,37.0,Perth
28.0,44.0,,,1013.0,29.6,0.0,46.0,Cobar
65.0,100.0,4.6,5.0,1023.5,11.2,1.8,48.0,Watsonia
38.0,63.0,,,1003.8,15.1,0.0,54.0,NorahHead
41.0,68.0,10.9,2.0,1022.1,18.4,0.0,26.0,Moree
11.0,32.0,,,,40.9,0.0,39.0,SalmonGums
43.0,83.0,6.0,7.0,1014.5,16.4,0.0,48.0,Mildura
78.0,93.0,,,1020.3,13.7,0.0,19.0,Launceston
59.0,80.0,1.4,,997.3,15.4,4.0,59.0,Adelaide
18.0,37.0,12.6,0.0,1020.7,25.9,0.0,30.0,Woomera
63.0,61.0,,,1014.1,27.4,0.0,54.0,GoldCoast
60.0,94.0,,,,18.7,0.0,30.0,MountGinini
35.0,57.0,,,,29.7,0.0,26.0,Penrith
57.0,68.0,10.3,1.0,1015.5,26.4,0.0,35.0,Perth
,70.0,,,,,0.0,,Newcastle
51.0,64.0,,,,18.6,0.0,41.0,SalmonGums
,,,,,,0.0,,Newcastle
63.0,83.0,,,1028.4,17.8,0.0,19.0,Walpole
90.0,94.0,5.7,7.0,1015.3,15.5,44.0,,Albany
50.0,68.0,12.6,1.0,1014.0,26.0,0.0,44.0,PerthAirport
58.0,50.0,13.4,3.0,1009.2,23.8,0.0,41.0,Perth
58.0,63.0,5.9,4.0,1020.2,12.3,0.0,80.0,MelbourneAirport
72.0,49.0,,,1006.9,23.1,0.0,50.0,Wollongong
96.0,81.0,,7.0,1005.9,19.3,0.0,28.0,Bendigo
19.0,28.0,,,,27.2,0.0,31.0,SalmonGums
65.0,65.0,,,1006.8,26.5,0.0,33.0,Walpole
38.0,75.0,,,,19.3,0.0,,CoffsHarbour
59.0,69.0,9.0,3.0,1014.4,27.1,0.0,37.0,Williamtown
67.0,65.0,11.1,1.0,1015.1,28.2,0.0,28.0,Cairns
53.0,88.0,,1.0,,18.0,0.2,,Newcastle
47.0,70.0,7.5,7.0,1006.4,14.0,1.8,61.0,Melbourne
63.0,79.0,2.8,8.0,1021.3,22.5,0.0,22.0,Portland
30.0,53.0,,5.0,1019.6,22.2,0.0,35.0,Moree
56.0,61.0,0.0,8.0,1015.5,17.7,4.4,28.0,Sale
15.0,24.0,,7.0,1014.5,28.6,0.0,52.0,Nuriootpa
58.0,77.0,10.2,1.0,1012.6,26.0,17.4,33.0,CoffsHarbour
17.0,36.0,11.3,,1012.3,38.7,0.0,50.0,Woomera
63.0,91.0,8.6,1.0,1030.2,10.0,0.2,35.0,Hobart
66.0,79.0,,8.0,1012.2,23.0,4.6,37.0,Wollongong
52.0,57.0,12.8,1.0,1016.8,21.9,0.0,46.0,NorfolkIsland
77.0,94.0,7.5,5.0,1005.6,24.5,4.8,43.0,Sydney
85.0,93.0,2.4,7.0,1029.3,15.5,12.0,,CoffsHarbour
36.0,83.0,9.7,1.0,1018.5,18.9,0.0,41.0,Woomera
52.0,55.0,6.2,7.0,1016.2,15.0,1.2,56.0,PerthAirport
51.0,58.0,,,1007.1,18.1,1.0,61.0,Tuggeranong
,57.0,,,,,2.2,,Newcastle
92.0,86.0,,8.0,1004.0,24.1,3.2,46.0,Cobar
36.0,54.0,,,1007.0,31.7,0.0,43.0,Tuggeranong
94.0,98.0,,,,4.6,0.0,24.0,MountGinini
19.0,61.0,12.9,5.0,1013.5,29.2,0.0,43.0,Melbourne
22.0,60.0,12.6,1.0,1016.8,24.7,0.0,48.0,Mildura
60.0,52.0,11.4,6.0,1015.0,21.9,0.0,24.0,Perth
60.0,90.0,,,,17.5,0.0,35.0,Launceston
68.0,82.0,6.4,7.0,1004.3,18.3,30.0,67.0,MelbourneAirport
27.0,65.0,12.0,5.0,1024.5,31.8,0.0,28.0,Watsonia
70.0,58.0,1.4,7.0,1008.2,22.5,1.2,44.0,Melbourne
56.0,58.0,11.0,3.0,1014.2,29.0,0.0,31.0,Brisbane
27.0,55.0,,7.0,1001.5,35.0,1.4,44.0,Cobar
31.0,50.0,,,,20.2,0.0,43.0,Penrith
25.0,46.0,,,,25.5,4.0,57.0,SalmonGums
81.0,87.0,,8.0,1025.6,16.7,40.4,28.0,Wollongong
67.0,99.0,,,1022.0,15.3,0.0,,Launceston
74.0,99.0,1.9,8.0,1016.0,12.7,2.2,48.0,Portland
70.0,56.0,4.4,7.0,1012.1,25.9,0.0,52.0,Sydney
25.0,51.0,9.3,3.0,1003.2,32.5,0.0,67.0,MountGambier
38.0,79.0,,,1014.5,20.6,0.0,30.0,Richmond
30.0,58.0,,,1015.1,16.7,0.0,46.0,Williamtown
22.0,64.0,9.4,2.0,1016.5,22.3,0.0,28.0,Brisbane
35.0,50.0,,,1014.8,21.4,0.0,48.0,Albury
85.0,87.0,0.0,7.0,1007.5,21.3,0.0,,Albany
58.0,97.0,,,1014.7,14.8,1.6,33.0,Dartmoor
10.0,47.0,10.5,6.0,1015.6,31.1,0.0,48.0,Nuriootpa
24.0,60.0,,,1021.2,21.7,0.0,26.0,Uluru
67.0,65.0,5.6,8.0,1009.5,11.8,0.0,41.0,MelbourneAirport
79.0,83.0,,,1012.2,25.7,0.0,30.0,Wollongong
70.0,91.0,,8.0,1017.6,14.2,35.0,37.0,Richmond
63.0,92.0,,1.0,1014.4,13.9,0.0,31.0,Ballarat
70.0,99.0,,,,19.3,0.2,22.0,Penrith
46.0,52.0,10.9,1.0,1021.7,18.2,0.0,30.0,Williamtown
60.0,74.0,7.5,2.0,1009.4,18.1,3.4,54.0,NorfolkIsland
22.0,50.0,,4.0,1010.8,36.4,0.0,39.0,Katherine
,99.0,,,,,0.0,,Newcastle
36.0,58.0,9.8,,1026.9,19.0,0.0,41.0,Sydney
97.0,44.0,,,,8.4,0.0,39.0,MountGinini
85.0,74.0,,8.0,1010.8,17.3,0.0,72.0,Wollongong
42.0,47.0,9.5,7.0,1019.8,21.3,0.0,35.0,Perth
32.0,93.0,7.9,1.0,1014.2,19.9,0.0,37.0,Mildura
35.0,59.0,,,,14.7,0.0,41.0,SalmonGums
84.0,98.0,,,1005.9,26.3,0.0,61.0,NorahHead
53.0,68.0,,,1014.6,26.9,1.0,52.0,Cairns
50.0,92.0,,,1017.5,12.9,0.0,13.0,Richmond
9.0,40.0,13.3,0.0,1013.9,33.0,0.0,50.0,Mildura
28.0,60.0,9.6,0.0,1026.6,23.2,0.0,,PerthAirport
21.0,46.0,,,1020.5,22.1,0.0,20.0,Moree
36.0,51.0,,,1018.6,24.0,0.2,31.0,GoldCoast
80.0,81.0,,,1011.3,24.4,14.2,50.0,Wollongong
30.0,48.0,12.5,1.0,1005.1,32.2,0.0,59.0,PerthAirport
62.0,63.0,12.8,7.0,1019.5,21.1,0.2,39.0,Portland
80.0,72.0,,,1014.0,20.2,0.0,43.0,Witchcliffe
71.0,75.0,10.0,1.0,1010.7,25.4,0.0,,Sydney
70.0,84.0,,8.0,1025.8,11.4,0.2,63.0,Sale
55.0,99.0,,2.0,1021.5,16.1,0.0,24.0,Albury
75.0,75.0,2.5,5.0,1011.1,27.3,0.0,54.0,Cairns
66.0,81.0,,,,22.7,7.0,35.0,SalmonGums
80.0,87.0,6.5,6.0,1013.4,17.8,0.0,,Albany
65.0,96.0,,,,14.2,0.0,24.0,Penrith
59.0,76.0,7.0,7.0,1004.1,32.8,0.0,39.0,Darwin
57.0,68.0,,,1016.1,20.1,0.0,26.0,GoldCoast
58.0,43.0,7.2,,1007.8,22.8,0.2,81.0,Dartmoor
47.0,64.0,12.3,1.0,1017.3,21.9,0.0,33.0,SydneyAirport
31.0,38.0,11.6,5.0,1008.9,34.3,0.0,41.0,PerthAirport
57.0,65.0,3.0,7.0,1017.6,21.8,0.0,37.0,Mildura
61.0,69.0,,4.0,1024.0,19.7,0.0,37.0,CoffsHarbour
52.0,91.0,7.9,5.0,1025.2,15.5,0.0,30.0,Perth
,85.0,,,,,0.0,,Albany
58.0,70.0,,8.0,1007.9,25.2,0.0,43.0,Richmond
67.0,78.0,,8.0,1012.0,17.6,50.8,52.0,Albury
47.0,72.0,2.6,4.0,1016.8,16.6,0.0,57.0,Watsonia
67.0,79.0,,,1021.2,13.2,5.0,31.0,Walpole
63.0,87.0,6.5,6.0,1005.6,24.0,0.2,44.0,Sale
89.0,,,,,6.0,0.2,33.0,MountGinini
64.0,76.0,9.9,3.0,1015.6,25.5,0.0,35.0,Townsville
74.0,88.0,,,1029.1,19.4,0.0,31.0,NorahHead
69.0,69.0,,,1001.7,25.9,0.0,63.0,NorahHead
60.0,85.0,9.7,3.0,1015.9,24.3,0.0,15.0,Brisbane
44.0,67.0,13.0,2.0,1021.9,22.7,0.0,37.0,Sale
42.0,43.0,,,1019.0,20.3,0.0,39.0,Adelaide
34.0,76.0,7.5,5.0,1021.5,20.0,0.0,24.0,Mildura
49.0,79.0,,8.0,1009.7,21.8,10.6,48.0,Canberra
50.0,91.0,,,1024.8,12.3,0.0,22.0,Tuggeranong
54.0,76.0,,,1007.5,28.4,0.8,48.0,Uluru
72.0,97.0,0.0,8.0,1020.3,17.5,5.8,37.0,Sale
34.0,56.0,9.3,3.0,1014.3,16.7,0.4,44.0,Canberra
39.0,46.0,,,1026.1,20.1,0.0,28.0,Richmond
63.0,75.0,1.2,7.0,1024.1,25.8,0.0,57.0,SydneyAirport
32.0,86.0,,,1010.4,24.8,1.8,70.0,Woomera
61.0,66.0,,,1018.2,16.4,0.0,24.0,NorahHead
83.0,78.0,0.0,8.0,1001.6,21.5,6.0,54.0,Sydney
66.0,99.0,,,1017.8,13.1,0.0,28.0,Launceston
67.0,73.0,4.7,6.0,1016.9,24.1,0.0,52.0,Cairns
92.0,97.0,0.0,8.0,1012.5,12.3,3.2,30.0,Hobart
78.0,96.0,,1.0,,15.6,0.0,30.0,Launceston
40.0,83.0,8.4,7.0,1015.7,26.1,0.0,39.0,Canberra
13.0,38.0,11.8,,1014.7,31.1,0.0,33.0,Woomera
12.0,52.0,,,1006.6,27.6,0.0,78.0,Richmond
48.0,44.0,12.4,2.0,1015.3,22.7,0.0,35.0,Perth
71.0,78.0,,,1018.5,21.2,0.6,28.0,Witchcliffe
56.0,76.0,2.7,7.0,1020.0,22.7,0.0,19.0,WaggaWagga
48.0,79.0,9.2,2.0,1024.0,18.6,0.0,31.0,PearceRAAF
49.0,93.0,,,1013.0,13.2,14.4,50.0,Tuggeranong
52.0,51.0,,,1032.3,14.2,0.0,22.0,Wollongong
48.0,53.0,9.9,7.0,1015.2,18.1,0.0,46.0,MountGambier
67.0,76.0,,,1003.1,23.0,0.0,33.0,Sale
37.0,26.0,,,,10.4,0.0,30.0,MountGinini
46.0,76.0,,4.0,1009.6,26.1,0.4,37.0,Albury
63.0,74.0,9.9,,1020.0,17.3,0.0,26.0,Hobart
41.0,81.0,9.4,2.0,1017.0,23.0,32.2,37.0,PearceRAAF
36.0,56.0,11.7,0.0,1017.2,31.1,0.0,39.0,Mildura
69.0,82.0,,8.0,1012.4,25.1,0.2,61.0,CoffsHarbour
31.0,60.0,10.7,2.0,1013.0,26.8,0.0,43.0,MelbourneAirport
45.0,78.0,8.9,1.0,1032.6,13.4,0.2,17.0,WaggaWagga
43.0,56.0,,,1017.0,25.5,0.0,41.0,Adelaide
86.0,85.0,3.9,7.0,1006.0,21.6,0.0,,SydneyAirport
65.0,52.0,,,1015.4,22.9,0.0,52.0,Witchcliffe
28.0,90.0,,,1015.0,23.3,0.0,31.0,Tuggeranong
29.0,55.0,,1.0,1014.4,32.8,,50.0,WaggaWagga
31.0,36.0,6.9,3.0,1000.6,23.1,0.0,91.0,Melbourne
59.0,60.0,1.6,7.0,1029.4,11.1,0.4,37.0,Hobart
17.0,25.0,13.2,,1007.4,35.9,0.0,50.0,PearceRAAF
22.0,27.0,,,1018.2,22.1,0.0,56.0,Adelaide
81.0,63.0,,8.0,1012.7,14.6,0.0,50.0,Ballarat
39.0,70.0,,,,25.4,0.0,35.0,SalmonGums
70.0,78.0,2.9,6.0,1010.9,25.0,7.6,28.0,Brisbane
30.0,49.0,12.2,8.0,1004.1,20.1,0.0,63.0,Sale
72.0,66.0,12.4,3.0,1004.3,26.4,0.0,37.0,CoffsHarbour
42.0,61.0,11.4,3.0,1008.9,32.9,0.0,37.0,Darwin
27.0,42.0,7.8,7.0,1018.6,28.8,0.0,37.0,MountGambier
51.0,66.0,6.3,6.0,1014.9,18.0,0.0,33.0,Perth
28.0,83.0,7.1,2.0,1011.4,24.3,3.4,44.0,Sydney
81.0,76.0,9.0,6.0,1009.6,20.9,0.0,50.0,NorfolkIsland
60.0,62.0,,,1011.0,9.4,6.0,70.0,Adelaide
84.0,99.0,,,,10.3,0.0,37.0,MountGinini
37.0,77.0,8.8,1.0,1009.9,27.1,0.0,35.0,MelbourneAirport
29.0,70.0,11.0,,1018.8,23.6,0.0,20.0,Mildura
40.0,58.0,1.2,,1006.7,28.8,0.0,46.0,Adelaide
46.0,79.0,,1.0,,31.5,0.0,,Newcastle
55.0,53.0,9.4,6.0,1020.8,15.7,0.0,39.0,NorfolkIsland
78.0,74.0,,,1005.6,7.4,6.0,74.0,Adelaide
77.0,76.0,,8.0,1017.5,11.1,0.0,30.0,Ballarat
63.0,73.0,7.1,4.0,1021.0,20.6,1.0,41.0,MountGambier
73.0,39.0,8.9,,1003.7,20.7,0.0,59.0,Adelaide
41.0,64.0,,,1021.6,21.4,0.0,31.0,Richmond
72.0,73.0,,,1011.4,26.2,0.0,59.0,GoldCoast
78.0,75.0,5.4,7.0,1015.1,26.1,0.4,43.0,Cairns
43.0,68.0,0.8,6.0,1023.1,14.6,0.0,17.0,Woomera
75.0,94.0,,,1007.9,10.3,0.0,33.0,Launceston
83.0,100.0,,,1006.1,14.9,4.2,30.0,BadgerysCreek
71.0,72.0,,8.0,,26.6,0.0,,Newcastle
61.0,92.0,,2.0,1025.3,12.6,0.0,17.0,Albury
74.0,87.0,,,1011.7,26.1,14.2,31.0,GoldCoast
49.0,79.0,9.9,4.0,1007.8,26.0,14.0,46.0,WaggaWagga
32.0,39.0,,,,25.2,0.0,33.0,MountGinini
56.0,67.0,10.7,1.0,1010.9,28.9,0.2,28.0,Brisbane
74.0,51.0,8.3,6.0,1011.0,23.2,0.0,24.0,CoffsHarbour
47.0,57.0,,,1018.9,16.9,0.0,19.0,NorahHead
84.0,84.0,,,,-2.3,0.0,,MountGinini
19.0,83.0,11.2,1.0,1010.1,33.9,1.4,61.0,MelbourneAirport
23.0,80.0,11.0,5.0,1017.6,30.7,0.2,44.0,Canberra
68.0,96.0,,,1009.7,24.6,6.2,20.0,Richmond
13.0,29.0,,1.0,1012.3,30.5,0.0,31.0,Uluru
60.0,99.0,,,1015.5,21.0,0.2,44.0,Witchcliffe
30.0,87.0,,,,14.4,0.0,17.0,Launceston
28.0,54.0,12.7,0.0,1009.3,34.7,0.0,65.0,PearceRAAF
92.0,72.0,4.1,7.0,1011.2,11.9,0.0,28.0,Cobar
42.0,92.0,8.6,0.0,1032.1,18.0,0.0,22.0,Mildura
35.0,66.0,9.0,4.0,1016.4,21.4,0.0,35.0,Moree
28.0,52.0,10.9,3.0,1016.4,29.7,0.0,37.0,Perth
23.0,58.0,,3.0,1010.0,31.3,1.0,44.0,Moree
,,,,,,61.8,50.0,MountGinini
5.0,23.0,13.4,1.0,1009.8,34.6,0.0,43.0,WaggaWagga
45.0,50.0,5.7,4.0,1011.5,19.7,0.0,65.0,Perth
42.0,73.0,,1.0,1026.2,24.0,0.0,30.0,Bendigo
58.0,57.0,11.4,2.0,1017.7,26.1,0.0,43.0,Townsville
43.0,63.0,,,1013.2,27.1,13.0,,Richmond
77.0,46.0,,,,4.0,0.0,30.0,MountGinini
61.0,98.0,,,1031.3,16.1,0.0,11.0,Richmond
37.0,63.0,3.0,,1007.3,32.8,0.0,43.0,Mildura
8.0,18.0,12.6,,1011.9,37.0,0.0,39.0,Nuriootpa
2.0,4.0,12.9,3.0,1003.0,40.5,0.0,28.0,AliceSprings
19.0,52.0,,3.0,1011.1,37.7,0.0,54.0,Bendigo
6.0,11.0,11.9,0.0,1016.2,27.5,0.0,54.0,AliceSprings
45.0,94.0,9.3,,1025.0,18.3,0.0,22.0,PearceRAAF
23.0,47.0,9.7,1.0,1020.5,26.2,0.0,30.0,Perth
38.0,54.0,0.4,7.0,1017.0,17.7,0.0,17.0,Moree
62.0,91.0,8.4,3.0,1035.2,12.0,0.0,22.0,MelbourneAirport
71.0,92.0,5.7,7.0,1018.3,16.7,,35.0,PearceRAAF
47.0,86.0,,,1012.5,21.0,12.8,39.0,Woomera
49.0,69.0,,,1020.7,22.2,0.4,50.0,Witchcliffe
74.0,97.0,4.8,6.0,1018.1,19.8,0.0,31.0,MountGambier
47.0,65.0,,1.0,1010.6,23.2,0.0,28.0,Ballarat
55.0,69.0,9.5,1.0,1015.6,18.1,0.2,39.0,NorfolkIsland
41.0,60.0,,7.0,1025.6,13.4,0.0,39.0,Cobar
82.0,83.0,,,1005.6,29.6,0.0,46.0,GoldCoast
12.0,21.0,,0.0,1014.0,29.9,0.0,48.0,Katherine
58.0,69.0,,8.0,1019.8,14.2,0.0,35.0,Cobar
10.0,18.0,,,1010.7,37.9,0.0,35.0,Uluru
19.0,37.0,12.7,1.0,1021.1,25.9,0.0,54.0,PerthAirport
58.0,63.0,8.1,5.0,1010.0,28.8,0.0,48.0,Townsville
41.0,74.0,10.8,4.0,1016.0,21.0,0.0,35.0,Canberra
41.0,55.0,,,1013.3,26.8,0.0,37.0,Launceston
94.0,90.0,1.4,8.0,1019.7,15.3,0.2,,Albany
57.0,82.0,,8.0,1017.9,18.0,0.0,46.0,Ballarat
37.0,30.0,12.0,1.0,1002.8,29.1,0.0,59.0,SydneyAirport
58.0,99.0,7.5,1.0,1019.2,19.4,20.8,24.0,Moree
56.0,90.0,,,1011.5,12.1,0.2,24.0,Sale
76.0,65.0,0.3,8.0,1028.3,20.2,1.8,41.0,Williamtown
23.0,38.0,13.0,1.0,1007.8,25.8,0.0,72.0,Woomera
81.0,81.0,,,1008.6,24.7,8.0,57.0,GoldCoast
53.0,89.0,,1.0,1008.3,15.2,3.4,37.0,Canberra
17.0,76.0,,,1018.3,28.0,0.0,46.0,Tuggeranong
61.0,100.0,7.8,5.0,1027.5,16.1,0.2,31.0,Watsonia
57.0,,8.6,1.0,1025.0,10.7,3.0,31.0,Canberra
81.0,89.0,,,1013.0,23.5,4.4,46.0,Wollongong
33.0,54.0,,,1024.5,15.8,0.0,39.0,Uluru
63.0,69.0,11.1,0.0,1028.1,18.8,0.0,,Albany
64.0,95.0,4.2,5.0,1023.8,12.3,0.2,41.0,Portland
60.0,94.0,0.0,7.0,1018.2,13.6,35.6,63.0,MelbourneAirport
57.0,54.0,10.8,5.0,1010.8,12.6,1.8,94.0,Melbourne
12.0,39.0,11.9,3.0,1002.1,40.2,0.0,63.0,Moree
48.0,76.0,8.9,,1022.9,20.1,0.0,31.0,PearceRAAF
57.0,90.0,0.8,6.0,1010.9,21.2,4.2,41.0,Woomera
77.0,41.0,4.2,7.0,1008.2,17.5,0.0,,Albany
68.0,93.0,7.8,7.0,1025.1,9.7,0.0,33.0,Hobart
65.0,77.0,,,1010.9,16.7,1.4,59.0,Walpole
57.0,93.0,9.4,2.0,1028.5,16.2,0.6,19.0,Portland
17.0,63.0,11.6,1.0,1008.3,35.2,0.0,54.0,MountGambier
55.0,75.0,5.0,7.0,1012.3,14.1,0.0,61.0,Melbourne
97.0,92.0,,,,9.6,0.0,20.0,MountGinini
42.0,45.0,1.6,7.0,1019.0,21.9,0.0,46.0,Townsville
15.0,49.0,9.2,,1001.0,36.5,0.0,87.0,Hobart
25.0,36.0,9.8,8.0,1011.8,25.5,0.0,39.0,Nuriootpa
66.0,74.0,4.7,7.0,1007.2,29.8,39.4,30.0,Cairns
36.0,77.0,,1.0,1015.1,26.3,0.0,48.0,Canberra
66.0,62.0,,,1023.4,19.7,2.6,48.0,GoldCoast
25.0,55.0,7.8,6.0,1019.7,26.0,0.0,30.0,Nuriootpa
35.0,99.0,,,,20.2,0.0,37.0,Penrith
54.0,70.0,,7.0,1007.2,13.6,0.0,52.0,Cobar
59.0,76.0,,,1016.7,24.1,0.2,30.0,Richmond
15.0,42.0,,,1006.8,36.8,0.0,37.0,Uluru
71.0,71.0,5.4,7.0,1012.1,19.1,0.0,70.0,MelbourneAirport
20.0,46.0,,,1029.8,17.3,0.0,59.0,Uluru
30.0,58.0,9.4,7.0,1002.9,36.5,0.0,52.0,AliceSprings
53.0,60.0,,,1030.7,14.8,0.0,31.0,NorahHead
84.0,87.0,,5.0,,15.4,0.6,,Newcastle
55.0,99.0,,,1019.8,12.6,0.6,46.0,Nhil
50.0,76.0,,,1010.0,27.2,0.6,43.0,Adelaide
58.0,81.0,8.1,1.0,1024.4,14.1,2.6,46.0,Portland
16.0,27.0,12.9,4.0,1006.0,35.1,0.0,35.0,AliceSprings
76.0,89.0,,,1016.0,22.9,11.8,24.0,Richmond
1.0,39.0,10.8,1.0,997.3,34.7,0.4,72.0,WaggaWagga
92.0,97.0,,8.0,,10.8,0.0,13.0,Launceston
59.0,48.0,,,1020.4,24.6,0.0,41.0,GoldCoast
98.0,98.0,,,,0.3,0.0,48.0,MountGinini
73.0,68.0,8.1,6.0,1020.0,11.8,5.4,48.0,Melbourne
53.0,58.0,11.7,1.0,1017.1,26.6,0.0,24.0,Brisbane
59.0,83.0,10.0,1.0,1023.2,23.1,0.0,52.0,Sale
29.0,43.0,3.8,6.0,1015.1,24.4,0.0,57.0,WaggaWagga
93.0,82.0,6.4,8.0,1007.2,21.1,9.8,52.0,NorfolkIsland
43.0,69.0,,,1005.0,24.3,0.0,48.0,Launceston
28.0,84.0,9.4,3.0,1014.3,20.3,0.4,46.0,WaggaWagga
99.0,52.0,1.5,8.0,1012.0,13.7,0.0,33.0,Watsonia
57.0,62.0,4.9,7.0,1020.7,20.0,0.2,31.0,Perth
23.0,40.0,13.4,,1017.2,28.2,0.0,41.0,PearceRAAF
20.0,71.0,11.4,,1013.9,32.8,0.0,57.0,Dartmoor
89.0,73.0,0.0,8.0,996.4,26.2,23.8,57.0,Cairns
70.0,87.0,6.1,5.0,996.2,31.0,0.0,37.0,Townsville
46.0,73.0,,6.0,1017.2,15.1,0.0,31.0,Bendigo
46.0,67.0,,,1018.2,18.7,0.0,22.0,Tuggeranong
83.0,60.0,5.5,7.0,1007.7,17.9,0.0,56.0,Williamtown
61.0,72.0,10.7,5.0,1008.1,28.9,0.0,35.0,Cairns
6.0,9.0,,4.0,1006.9,39.2,0.0,63.0,Uluru
69.0,79.0,,,1011.7,24.1,0.0,28.0,Walpole
59.0,55.0,,5.0,,21.5,0.0,,Newcastle
21.0,44.0,,,1018.2,33.4,0.0,35.0,Nhil
56.0,97.0,,2.0,,20.0,8.4,,Newcastle
56.0,61.0,10.9,7.0,1009.0,24.9,0.0,37.0,Perth
44.0,99.0,,8.0,1009.3,16.2,0.6,57.0,Ballarat
48.0,86.0,,4.0,,19.5,0.0,,Newcastle
65.0,63.0,3.2,8.0,1018.6,19.8,0.0,,Albany
52.0,73.0,,,1024.4,16.1,1.0,33.0,Adelaide
52.0,71.0,,,1028.7,17.2,0.0,28.0,Launceston
63.0,97.0,,,1024.8,15.8,0.0,19.0,Launceston
52.0,98.0,,,,32.1,0.0,22.0,Penrith
77.0,91.0,,8.0,,16.0,14.6,70.0,Launceston
29.0,58.0,,,1020.0,21.3,0.0,28.0,Albury
29.0,52.0,9.3,7.0,1008.9,18.8,0.0,69.0,MelbourneAirport
54.0,52.0,,,1009.3,21.2,3.8,26.0,CoffsHarbour
45.0,61.0,12.5,3.0,1018.2,29.6,0.0,33.0,Brisbane
14.0,32.0,13.4,1.0,1009.3,32.5,0.0,43.0,MountGambier
15.0,31.0,8.7,6.0,1003.9,37.3,1.4,70.0,AliceSprings
50.0,69.0,10.7,1.0,1015.2,26.1,20.8,33.0,Brisbane
62.0,74.0,11.1,4.0,1009.8,33.3,9.8,31.0,Darwin
29.0,62.0,,,1024.5,15.2,0.0,39.0,Uluru
70.0,99.0,0.6,7.0,1028.4,14.5,2.0,24.0,Portland
59.0,81.0,,,1019.4,18.3,0.0,24.0,Williamtown
5.0,22.0,11.5,1.0,1004.3,42.5,0.0,69.0,Woomera
52.0,70.0,,,1013.5,19.9,0.0,26.0,BadgerysCreek
40.0,62.0,9.5,1.0,1023.3,23.3,0.0,24.0,Perth
,55.0,,,1009.3,,0.0,48.0,Katherine
79.0,61.0,,,1003.2,23.1,0.0,39.0,Wollongong
57.0,99.0,0.2,7.0,1026.7,13.1,0.2,44.0,Watsonia
75.0,91.0,0.0,7.0,1017.0,24.0,1.0,31.0,Moree
66.0,73.0,12.8,2.0,1017.8,20.6,0.0,41.0,Portland
77.0,85.0,,2.0,1018.3,10.0,0.0,37.0,Albury
60.0,81.0,0.6,7.0,1016.2,17.2,3.6,,Sydney
56.0,99.0,6.3,2.0,1028.9,13.5,0.0,20.0,WaggaWagga
42.0,63.0,,,1014.0,23.7,0.0,31.0,Adelaide
13.0,34.0,12.8,0.0,1023.1,24.2,0.0,56.0,PerthAirport
83.0,74.0,0.0,8.0,1014.1,19.1,0.0,,Albany
44.0,71.0,10.5,1.0,1017.2,16.2,0.0,48.0,Canberra
34.0,56.0,12.6,1.0,1011.4,32.8,0.0,39.0,Moree
27.0,28.0,,,999.1,30.0,0.0,63.0,Nhil
60.0,73.0,,,1019.1,25.9,0.0,22.0,CoffsHarbour
25.0,74.0,9.9,0.0,1021.5,20.6,0.2,41.0,Williamtown
52.0,87.0,,2.0,1014.2,16.4,0.2,33.0,Bendigo
33.0,38.0,13.6,5.0,1000.5,24.3,0.0,65.0,Hobart
55.0,78.0,2.2,7.0,1016.8,20.9,0.4,43.0,PerthAirport
33.0,46.0,13.2,,1009.4,26.7,0.0,37.0,PearceRAAF
78.0,83.0,,,1004.0,21.7,0.0,69.0,Wollongong
33.0,54.0,12.0,2.0,1007.6,27.6,0.0,44.0,WaggaWagga
59.0,75.0,11.2,6.0,1009.6,30.0,0.0,22.0,Brisbane
56.0,56.0,9.2,7.0,1014.3,28.0,0.0,43.0,Townsville
42.0,77.0,,,,19.2,0.0,22.0,Penrith
68.0,75.0,,,,10.8,1.4,61.0,MountGinini
50.0,71.0,,,1017.9,24.5,0.0,35.0,Bendigo
88.0,39.0,1.3,8.0,1006.0,20.5,0.0,35.0,Perth
37.0,69.0,2.8,,1005.6,16.1,0.0,33.0,Sydney
71.0,74.0,9.9,1.0,1018.8,19.9,0.0,30.0,NorfolkIsland
22.0,39.0,,,,28.5,0.0,33.0,SalmonGums
25.0,63.0,,,1020.7,29.6,0.0,30.0,Richmond
43.0,92.0,9.0,3.0,1026.7,14.4,2.6,24.0,PearceRAAF
70.0,74.0,,6.0,,25.0,0.0,,Newcastle
53.0,86.0,,,1022.9,20.4,0.2,15.0,BadgerysCreek
33.0,62.0,11.3,1.0,1016.0,31.7,0.0,28.0,WaggaWagga
26.0,70.0,7.9,7.0,1016.9,25.0,0.0,33.0,WaggaWagga
58.0,64.0,,3.0,1017.1,22.8,0.2,,CoffsHarbour
96.0,96.0,0.0,8.0,1000.0,23.7,57.8,31.0,AliceSprings
49.0,88.0,5.4,7.0,1024.5,12.0,0.0,22.0,Mildura
64.0,77.0,1.8,,1013.7,14.7,0.0,28.0,Hobart
55.0,87.0,9.2,5.0,1021.0,15.2,0.0,28.0,WaggaWagga
47.0,45.0,11.0,1.0,1020.7,20.6,0.0,59.0,CoffsHarbour
70.0,76.0,,,1023.0,20.1,0.2,43.0,Witchcliffe
37.0,54.0,7.3,1.0,1022.4,21.2,0.0,39.0,PerthAirport
74.0,81.0,,,1015.6,28.5,2.8,35.0,GoldCoast
62.0,54.0,13.1,6.0,1012.7,26.1,0.0,41.0,CoffsHarbour
92.0,91.0,0.0,7.0,1013.3,12.8,0.6,37.0,MelbourneAirport
60.0,76.0,,,1014.6,19.6,0.0,31.0,MountGambier
38.0,60.0,11.1,2.0,1009.8,32.8,0.0,46.0,Darwin
23.0,43.0,,0.0,1009.3,28.0,0.0,35.0,Cobar
64.0,81.0,8.7,6.0,1013.6,26.4,1.4,41.0,Sydney
25.0,65.0,,,1004.5,25.3,0.1,63.0,CoffsHarbour
,69.0,,,,,0.0,,Newcastle
14.0,46.0,13.0,1.0,1013.8,27.6,0.0,50.0,Woomera
65.0,74.0,5.3,6.0,1012.4,26.6,0.8,41.0,Cairns
12.0,12.0,,1.0,1002.6,38.4,0.0,59.0,Uluru
,,,6.0,1011.5,29.0,0.0,48.0,CoffsHarbour
68.0,64.0,0.8,8.0,1006.8,27.8,0.4,50.0,Townsville
60.0,100.0,,,1026.5,16.3,0.0,13.0,Albury
91.0,68.0,7.4,7.0,1006.2,26.3,5.4,37.0,Darwin
94.0,,,,,2.5,6.8,52.0,MountGinini
70.0,97.0,4.6,1.0,1026.3,14.1,0.4,31.0,Sale
40.0,51.0,6.3,5.0,1016.3,25.8,0.0,24.0,Perth
65.0,89.0,,5.0,1023.5,14.4,0.0,13.0,Albury
86.0,49.0,,,1011.8,18.1,0.0,50.0,GoldCoast
53.0,82.0,,,1010.3,12.7,8.8,67.0,Launceston
79.0,100.0,8.0,,1019.2,14.2,1.2,37.0,Dartmoor
72.0,99.0,,,1028.2,9.2,0.0,19.0,Tuggeranong
87.0,84.0,0.0,,1029.5,12.9,8.8,37.0,Sydney
82.0,89.0,3.1,8.0,1014.3,19.6,17.8,37.0,NorfolkIsland
64.0,62.0,12.8,3.0,1009.0,24.9,0.0,48.0,NorfolkIsland
29.0,51.0,,2.0,1003.0,20.6,0.0,52.0,Canberra
66.0,62.0,0.1,7.0,1024.5,15.6,0.0,37.0,MelbourneAirport
48.0,69.0,8.1,7.0,1004.5,33.7,0.0,39.0,Darwin
54.0,55.0,8.2,3.0,1010.6,33.4,0.0,33.0,Brisbane
30.0,59.0,12.1,5.0,1005.8,33.1,0.0,39.0,Moree
38.0,79.0,8.2,5.0,1008.9,17.8,0.0,26.0,Williamtown
29.0,76.0,12.9,0.0,1016.5,29.4,0.0,20.0,Watsonia
41.0,55.0,12.0,2.0,1018.3,22.3,0.0,39.0,PearceRAAF
32.0,59.0,10.1,,1019.2,24.2,0.0,28.0,Adelaide
63.0,95.0,,,1022.2,22.6,0.0,9.0,BadgerysCreek
23.0,67.0,11.8,1.0,1021.7,25.7,0.0,35.0,Williamtown
37.0,57.0,,,1016.3,14.2,0.0,50.0,BadgerysCreek
82.0,86.0,,8.0,1006.7,24.1,20.2,50.0,Wollongong
70.0,81.0,8.2,3.0,1006.8,30.6,0.0,26.0,Cairns
33.0,47.0,11.4,0.0,1015.2,22.8,0.0,46.0,PearceRAAF
68.0,61.0,11.1,6.0,1014.2,21.5,0.0,56.0,Melbourne
50.0,47.0,,,1019.0,15.9,0.0,44.0,Wollongong
53.0,79.0,8.8,5.0,1016.0,16.7,0.2,39.0,Portland
50.0,45.0,,,1014.7,23.1,0.0,33.0,Wollongong
62.0,91.0,8.2,2.0,1015.6,19.3,1.0,,Albany
48.0,71.0,7.1,7.0,1016.7,19.8,0.0,50.0,MountGambier
45.0,63.0,13.0,0.0,1011.5,29.3,0.0,35.0,Perth
64.0,72.0,,,1014.2,27.7,0.0,65.0,GoldCoast
51.0,95.0,6.8,6.0,1006.0,23.2,3.0,41.0,Nuriootpa
59.0,77.0,7.2,1.0,1023.9,19.1,0.2,,Albany
60.0,98.0,,2.0,1023.1,11.8,0.0,20.0,Sale
39.0,75.0,6.6,7.0,1020.8,26.5,0.0,26.0,Watsonia
48.0,84.0,,1.0,1016.9,28.8,0.0,31.0,Richmond
32.0,61.0,,,1014.1,22.8,0.0,56.0,Nhil
80.0,100.0,1.0,,1012.6,15.6,5.4,17.0,Dartmoor
40.0,53.0,,,1013.4,17.0,0.0,78.0,Canberra
76.0,66.0,8.0,,1014.2,24.6,0.0,65.0,Sydney
49.0,60.0,11.0,,1020.8,23.5,0.0,59.0,Dartmoor
58.0,78.0,4.5,5.0,1012.0,17.7,4.4,59.0,Nuriootpa
45.0,62.0,10.6,1.0,1028.8,19.3,0.0,33.0,SydneyAirport
74.0,55.0,6.7,8.0,1016.4,17.5,0.0,37.0,MountGambier
59.0,89.0,,,1016.4,19.2,4.0,43.0,Witchcliffe
82.0,,,,,4.7,0.6,78.0,MountGinini
54.0,78.0,6.3,7.0,1016.1,24.5,0.0,39.0,Canberra
39.0,66.0,3.8,7.0,1014.4,23.5,0.0,63.0,Perth
61.0,85.0,2.8,,1013.7,13.9,0.4,57.0,PearceRAAF
39.0,77.0,9.1,1.0,1019.4,14.2,0.0,41.0,Hobart
62.0,81.0,3.5,7.0,1018.7,19.2,9.6,50.0,NorfolkIsland
69.0,74.0,,,1017.2,17.8,0.0,67.0,NorahHead
67.0,73.0,7.5,6.0,998.0,17.7,42.4,56.0,NorfolkIsland
21.0,62.0,,,1013.0,27.6,0.0,26.0,Bendigo
40.0,63.0,8.5,3.0,1019.6,15.7,0.0,,Hobart
47.0,77.0,,,1018.2,23.9,0.0,31.0,Launceston
45.0,59.0,,,,15.7,0.0,37.0,MountGinini
46.0,,,6.0,1022.4,12.7,0.0,26.0,Bendigo
63.0,95.0,5.8,7.0,1021.5,15.5,0.2,28.0,MountGambier
53.0,90.0,,8.0,1016.3,16.2,0.0,35.0,WaggaWagga
52.0,80.0,,,1026.9,17.8,0.0,17.0,Adelaide
46.0,60.0,5.8,4.0,1019.1,20.8,0.0,35.0,PerthAirport
75.0,87.0,,7.0,1014.1,16.1,7.0,35.0,Sale
44.0,56.0,,,,18.8,0.2,26.0,Penrith
74.0,83.0,,5.0,1009.7,24.7,0.0,57.0,Wollongong
73.0,67.0,3.2,7.0,1020.8,24.4,0.0,43.0,Brisbane
50.0,61.0,4.8,4.0,1030.8,16.4,0.0,41.0,Sydney
35.0,62.0,9.6,4.0,1007.1,27.9,0.0,67.0,Sydney
67.0,99.0,1.0,7.0,993.5,13.2,36.4,63.0,Watsonia
55.0,75.0,6.9,6.0,1034.2,13.3,0.2,19.0,Nuriootpa
48.0,71.0,,4.0,1018.4,26.0,0.0,50.0,Sale
88.0,99.0,3.5,7.0,1025.4,12.0,3.2,48.0,Nuriootpa
48.0,82.0,7.8,1.0,1021.0,17.6,0.0,31.0,Perth
91.0,77.0,,,1021.4,14.0,4.8,65.0,NorahHead
36.0,95.0,,,,14.8,0.2,78.0,MountGinini
18.0,40.0,10.3,0.0,1015.7,30.2,0.0,52.0,Woomera
69.0,99.0,2.9,4.0,1027.6,14.7,0.4,33.0,Portland
36.0,57.0,10.2,1.0,1026.5,18.1,0.0,26.0,Woomera
41.0,61.0,,,1003.5,17.6,0.0,81.0,Wollongong
14.0,51.0,,,,29.7,0.0,33.0,SalmonGums
46.0,86.0,6.7,3.0,1004.6,17.6,0.0,50.0,Sale
52.0,56.0,,,1013.6,27.4,,56.0,Williamtown
41.0,93.0,10.6,,1014.5,24.7,0.2,48.0,Portland
78.0,78.0,2.9,6.0,1026.9,13.8,5.8,,Albany
44.0,50.0,10.0,8.0,1010.6,24.4,0.0,33.0,Cairns
68.0,88.0,,,1022.0,17.4,0.0,20.0,Walpole
51.0,66.0,10.0,1.0,1025.1,21.6,0.0,24.0,SydneyAirport
21.0,39.0,,3.0,1006.8,40.8,0.0,33.0,Katherine
36.0,70.0,11.6,3.0,1003.7,34.5,0.4,31.0,Darwin
85.0,100.0,,,1027.8,17.9,18.6,48.0,BadgerysCreek
39.0,,,,1017.3,21.8,0.0,,Ballarat
57.0,,,8.0,1017.4,12.4,0.2,28.0,WaggaWagga
87.0,98.0,,,,3.6,13.8,72.0,MountGinini
52.0,85.0,8.6,2.0,1013.7,17.2,2.6,30.0,PerthAirport
14.0,20.0,10.9,5.0,1010.8,35.3,0.0,48.0,AliceSprings
61.0,60.0,,8.0,1012.6,22.9,0.0,63.0,Canberra
62.0,95.0,,,1020.7,23.2,2.2,46.0,BadgerysCreek
50.0,52.0,9.5,7.0,1010.7,29.7,0.0,50.0,Townsville
40.0,97.0,,,,17.6,0.0,26.0,Launceston
50.0,66.0,10.8,6.0,1016.8,25.6,2.2,37.0,Cairns
91.0,94.0,0.9,8.0,1014.5,20.2,5.6,44.0,Sydney
25.0,44.0,,1.0,1022.5,20.7,0.0,26.0,Cobar
35.0,,,,1020.3,19.4,,17.0,Richmond
43.0,62.0,10.6,,1005.0,25.2,0.0,48.0,PearceRAAF
65.0,74.0,,8.0,,19.7,4.8,44.0,Launceston
66.0,89.0,,7.0,1017.7,18.2,0.0,41.0,Ballarat
44.0,49.0,,,1019.2,20.3,0.0,26.0,BadgerysCreek
37.0,75.0,,,1025.5,22.4,0.0,39.0,Albury
,,,,1008.8,31.7,0.0,39.0,Cobar
39.0,54.0,11.3,1.0,1009.0,30.3,0.0,39.0,PearceRAAF
49.0,83.0,,,,29.5,0.0,30.0,Penrith
32.0,59.0,9.0,1.0,1015.1,17.7,9.4,48.0,SydneyAirport
39.0,71.0,9.7,5.0,1016.7,19.0,1.0,61.0,Melbourne
73.0,96.0,,,1012.8,26.6,6.8,26.0,GoldCoast
64.0,73.0,10.0,2.0,1015.6,24.5,0.2,31.0,Brisbane
34.0,55.0,,6.0,1015.8,27.6,0.0,37.0,Cobar
32.0,73.0,11.6,1.0,1011.6,27.6,0.0,33.0,Mildura
80.0,98.0,,,1030.7,12.6,2.2,26.0,Dartmoor
58.0,88.0,,7.0,1018.2,13.7,1.8,50.0,Ballarat
23.0,37.0,,,1021.6,20.6,0.0,35.0,Uluru
63.0,100.0,,,1019.0,21.5,0.0,28.0,Witchcliffe
68.0,68.0,,,1021.8,25.9,0.0,39.0,CoffsHarbour
47.0,82.0,,,1017.8,12.8,9.0,70.0,Tuggeranong
40.0,55.0,0.0,7.0,1011.8,30.2,0.0,65.0,PerthAirport
38.0,55.0,7.9,4.0,1010.5,30.6,0.0,54.0,Darwin
16.0,70.0,,,1010.6,35.5,0.0,30.0,Richmond
14.0,17.0,11.9,8.0,1012.9,34.6,0.0,59.0,PearceRAAF
35.0,73.0,10.0,1.0,1008.7,25.0,0.0,26.0,Brisbane
70.0,68.0,,,1006.0,20.3,0.0,52.0,GoldCoast
44.0,80.0,8.8,3.0,1021.7,17.1,0.0,28.0,Melbourne
40.0,81.0,,,1006.2,35.7,,,Uluru
77.0,69.0,6.4,7.0,1007.4,27.2,0.8,28.0,Cairns
42.0,87.0,6.0,6.0,1009.8,16.0,13.0,76.0,PerthAirport
54.0,62.0,,3.0,1020.3,14.6,0.0,33.0,Nuriootpa
34.0,64.0,,,,19.9,0.0,30.0,Launceston
39.0,77.0,,,1010.3,18.3,0.0,28.0,Tuggeranong
66.0,89.0,6.6,7.0,1035.9,11.7,0.0,19.0,MelbourneAirport
34.0,51.0,6.7,6.0,1017.8,18.8,0.0,44.0,SydneyAirport
10.0,17.0,13.2,2.0,1009.0,38.9,0.0,28.0,Mildura
45.0,100.0,,,1022.0,17.7,0.2,19.0,BadgerysCreek
38.0,89.0,,,1016.1,21.1,0.0,19.0,Richmond
23.0,26.0,,2.0,,20.5,0.0,,Newcastle
48.0,72.0,,,1013.9,13.2,4.2,31.0,Tuggeranong
75.0,79.0,0.7,8.0,1012.2,13.6,0.0,57.0,Portland
81.0,99.0,1.8,7.0,1017.2,11.0,10.0,19.0,Watsonia
32.0,68.0,13.4,2.0,1006.4,27.3,0.0,41.0,Moree
,,7.5,6.0,1006.8,26.4,0.2,43.0,MelbourneAirport
26.0,62.0,,4.0,1005.1,38.8,0.0,30.0,Katherine
53.0,72.0,3.2,,1023.1,15.2,0.0,20.0,Adelaide
75.0,95.0,,,,14.8,0.0,13.0,Penrith
73.0,87.0,2.1,6.0,1017.5,20.5,0.0,13.0,Brisbane
76.0,99.0,,,1020.5,15.4,1.8,35.0,Witchcliffe
29.0,70.0,,,1030.7,24.5,0.0,30.0,Canberra
48.0,62.0,9.1,3.0,1015.0,20.2,0.0,33.0,MelbourneAirport
23.0,43.0,9.6,2.0,1013.9,30.7,0.0,43.0,Sydney
48.0,41.0,,,,18.9,0.0,52.0,MountGinini
63.0,64.0,7.7,4.0,1018.4,18.8,2.0,48.0,NorfolkIsland
17.0,44.0,5.5,6.0,1020.5,15.8,0.0,31.0,AliceSprings
84.0,90.0,3.5,8.0,1022.9,14.9,3.0,,Albany
88.0,97.0,,7.0,1019.0,15.5,0.0,33.0,Woomera
60.0,86.0,4.9,7.0,1010.2,13.7,0.8,57.0,WaggaWagga
67.0,86.0,,,1029.7,10.7,0.4,19.0,Dartmoor
84.0,82.0,,,1006.7,25.5,1.2,,GoldCoast
83.0,,,,,2.6,0.0,52.0,MountGinini
65.0,67.0,10.4,1.0,1019.8,24.7,0.0,,Sydney
73.0,89.0,4.2,5.0,1013.2,8.7,2.6,37.0,Watsonia
69.0,79.0,0.2,7.0,1023.5,17.2,0.0,26.0,Sydney
14.0,49.0,,7.0,1014.0,33.8,0.0,31.0,Bendigo
,59.0,,,1009.6,,0.0,31.0,Katherine
54.0,71.0,,2.0,1015.5,14.2,0.0,54.0,Bendigo
80.0,69.0,6.1,7.0,1017.9,11.9,10.8,43.0,Portland
20.0,39.0,,,,22.7,0.2,59.0,Penrith
58.0,83.0,5.4,4.0,1007.7,26.5,1.8,37.0,MelbourneAirport
52.0,98.0,,8.0,1010.5,15.6,18.4,50.0,Ballarat
49.0,97.0,10.3,,1019.7,21.8,0.0,44.0,Dartmoor
16.0,27.0,11.0,6.0,1012.5,29.4,0.0,39.0,AliceSprings
76.0,82.0,,,1012.6,24.6,1.0,28.0,Wollongong
58.0,85.0,,8.0,1028.8,14.1,0.0,30.0,Ballarat
43.0,17.0,,,,25.8,0.0,50.0,SalmonGums
21.0,61.0,12.2,2.0,1012.8,29.4,0.0,33.0,Moree
78.0,88.0,,3.0,1019.7,22.0,7.2,35.0,Wollongong
41.0,37.0,8.1,2.0,1016.8,22.8,0.0,31.0,Townsville
35.0,61.0,7.3,4.0,1020.3,20.3,0.0,30.0,Mildura
55.0,60.0,10.5,2.0,1015.9,27.4,0.0,52.0,Townsville
,95.0,,,998.9,,12.8,83.0,Launceston
70.0,99.0,,,,14.0,0.0,13.0,Penrith
18.0,52.0,,3.0,1006.0,33.8,0.0,61.0,Bendigo
41.0,59.0,,,1008.5,21.2,0.0,50.0,GoldCoast
52.0,68.0,,,1001.0,16.4,1.2,63.0,Albury
63.0,67.0,3.5,7.0,1011.6,22.0,0.0,72.0,PerthAirport
56.0,99.0,,3.0,1020.4,12.7,0.8,17.0,Cobar
23.0,57.0,11.6,5.0,1015.4,30.9,0.0,33.0,Watsonia
87.0,75.0,,1.0,1005.0,23.6,0.2,83.0,Wollongong
55.0,74.0,,,1002.4,21.0,0.0,57.0,Wollongong
55.0,64.0,,,1010.7,27.7,0.2,74.0,GoldCoast
49.0,73.0,4.2,7.0,1018.8,14.0,4.8,56.0,Melbourne
53.0,67.0,,7.0,1024.8,13.9,0.0,28.0,Bendigo
49.0,80.0,,,1009.6,32.3,15.8,52.0,Tuggeranong
64.0,70.0,6.1,7.0,1009.2,29.1,0.0,22.0,Darwin
23.0,45.0,8.9,4.0,1024.4,25.9,0.0,33.0,Nuriootpa
90.0,95.0,0.9,6.0,1016.1,13.5,45.0,33.0,Hobart
63.0,76.0,5.9,3.0,1023.3,16.4,0.6,48.0,SydneyAirport
,61.0,,,,,0.0,,Newcastle
30.0,57.0,,,,19.2,0.0,33.0,Penrith
18.0,57.0,12.8,1.0,1013.2,33.5,0.0,39.0,Moree
39.0,69.0,9.7,,1014.0,17.7,0.0,30.0,Sydney
44.0,63.0,6.1,7.0,1024.1,17.3,0.0,28.0,MelbourneAirport
43.0,59.0,,,,19.8,0.0,48.0,MountGinini
60.0,81.0,8.7,,1025.4,13.2,0.0,44.0,Hobart
90.0,91.0,,8.0,1021.7,13.6,25.6,57.0,Wollongong
93.0,96.0,,7.0,1020.4,15.3,0.0,20.0,Woomera
55.0,74.0,6.4,5.0,1022.4,17.4,1.4,,Sydney
26.0,65.0,9.7,4.0,1014.9,26.1,0.0,41.0,AliceSprings
35.0,64.0,11.1,1.0,1007.4,33.9,2.4,33.0,Darwin
36.0,96.0,,,1018.0,23.2,0.4,28.0,Dartmoor
12.0,36.0,6.8,3.0,1006.2,30.2,0.0,67.0,Mildura
48.0,64.0,,,1021.3,15.8,0.0,30.0,Tuggeranong
89.0,99.0,,8.0,1020.4,7.3,0.6,48.0,Ballarat
64.0,62.0,9.8,1.0,1016.5,18.0,0.2,30.0,NorfolkIsland
24.0,43.0,12.7,,1015.2,28.5,0.0,41.0,PearceRAAF
82.0,96.0,,,,2.5,35.4,67.0,MountGinini
57.0,93.0,,7.0,1013.6,11.1,0.2,22.0,Bendigo
59.0,80.0,8.7,7.0,1005.8,31.7,0.4,26.0,Darwin
40.0,98.0,6.1,5.0,1015.0,14.3,0.2,39.0,Sale
25.0,52.0,8.1,2.0,1018.2,30.1,0.0,57.0,WaggaWagga
38.0,58.0,7.9,4.0,1020.8,18.8,0.8,37.0,Nuriootpa
,,,,,,39.2,50.0,MountGinini
81.0,94.0,,8.0,,23.3,7.0,17.0,Launceston
17.0,29.0,10.8,1.0,1014.3,24.8,0.0,37.0,Townsville
14.0,28.0,,,1018.4,34.6,0.0,39.0,Nhil
96.0,76.0,1.2,7.0,1004.9,24.6,2.2,,Darwin
56.0,75.0,,,,9.1,1.0,44.0,MountGinini
65.0,78.0,,4.0,1013.9,17.3,0.0,30.0,Sale
70.0,97.0,8.8,3.0,1009.0,11.0,39.4,57.0,Watsonia
79.0,73.0,2.9,7.0,1001.0,30.9,0.0,33.0,Cairns
34.0,86.0,10.3,,1033.4,25.8,0.0,44.0,Dartmoor
63.0,81.0,7.0,5.0,1019.6,19.0,0.0,,Sydney
78.0,76.0,,8.0,1015.7,12.2,0.0,35.0,Albury
43.0,69.0,9.2,6.0,1019.1,19.7,0.0,22.0,Perth
56.0,67.0,9.5,3.0,1016.5,25.4,0.0,44.0,Cairns
66.0,91.0,4.3,7.0,1016.9,16.9,0.2,19.0,Cobar
47.0,69.0,,,1011.7,27.5,0.0,59.0,NorahHead
29.0,64.0,,,,19.5,0.0,24.0,SalmonGums
51.0,70.0,,,1015.4,24.7,0.0,28.0,Walpole
60.0,71.0,10.1,3.0,1012.9,28.5,0.0,33.0,Townsville
35.0,71.0,11.7,1.0,999.7,33.3,0.0,,Williamtown
17.0,27.0,11.3,1.0,1012.4,30.7,0.0,39.0,Darwin
50.0,43.0,9.4,2.0,1015.8,18.8,0.0,54.0,SydneyAirport
57.0,53.0,,,1010.0,30.1,0.0,41.0,Townsville
59.0,69.0,,,1019.4,22.3,0.6,26.0,GoldCoast
,,4.9,,1025.8,12.1,0.6,31.0,Dartmoor
44.0,100.0,,,1020.9,26.8,0.0,15.0,BadgerysCreek
41.0,71.0,10.6,1.0,1009.5,31.2,0.6,44.0,Cairns
42.0,71.0,,,1019.2,24.5,0.0,20.0,Albury
59.0,76.0,10.0,2.0,1009.9,30.7,0.0,28.0,Darwin
65.0,80.0,12.3,5.0,1024.9,16.6,0.0,33.0,Portland
32.0,62.0,,,,30.1,0.0,43.0,SalmonGums
73.0,98.0,0.5,,1007.0,10.7,7.8,54.0,Dartmoor
64.0,73.0,5.9,7.0,1012.2,25.1,24.2,20.0,Brisbane
80.0,96.0,,,1006.9,27.0,38.0,52.0,GoldCoast
50.0,39.0,4.6,7.0,1011.5,21.4,0.0,46.0,PerthAirport
43.0,53.0,8.4,3.0,1012.7,28.6,0.0,46.0,Watsonia
54.0,69.0,8.8,4.0,1015.8,18.5,0.2,52.0,MountGambier
39.0,63.0,8.2,5.0,1007.8,27.3,0.0,43.0,PearceRAAF
61.0,59.0,12.3,,1021.1,25.0,6.0,35.0,Sydney
68.0,92.0,4.3,4.0,1011.4,16.8,0.0,,Albany
81.0,69.0,,,1010.0,23.9,0.0,63.0,GoldCoast
85.0,98.0,5.4,7.0,1012.3,19.2,0.0,54.0,Watsonia
59.0,99.0,,,1024.9,13.4,0.0,19.0,Tuggeranong
40.0,45.0,,,1024.3,17.5,1.6,37.0,Wollongong
33.0,52.0,9.0,6.0,1004.3,19.2,13.8,44.0,Brisbane
68.0,79.0,11.6,,1015.3,21.3,0.0,31.0,Dartmoor
55.0,77.0,,6.0,1017.5,24.6,,46.0,Moree
85.0,90.0,1.3,8.0,1017.4,16.0,12.4,43.0,NorfolkIsland
36.0,94.0,7.3,5.0,1021.8,19.1,0.4,39.0,MountGambier
81.0,84.0,,,1017.8,17.4,0.0,24.0,NorahHead
84.0,100.0,1.8,7.0,1017.2,11.2,3.8,31.0,MountGambier
54.0,68.0,,,,13.7,2.6,59.0,MountGinini
60.0,63.0,9.6,6.0,1010.4,30.6,0.0,35.0,Townsville
69.0,83.0,,7.0,1019.9,21.0,0.6,30.0,Wollongong
49.0,65.0,4.5,7.0,1017.9,21.4,0.0,41.0,Hobart
52.0,55.0,1.5,7.0,1021.4,23.8,0.0,,Sydney
74.0,57.0,10.8,3.0,1017.3,19.7,0.0,,Sydney
13.0,38.0,,1.0,1015.7,26.2,0.4,43.0,Cobar
49.0,77.0,,8.0,1015.7,21.5,0.0,31.0,Canberra
61.0,96.0,4.3,5.0,1000.9,12.3,13.6,48.0,MountGambier
36.0,39.0,10.3,,1009.5,19.6,0.0,56.0,Sydney
16.0,54.0,,,,34.8,0.0,44.0,SalmonGums
60.0,91.0,5.8,7.0,1027.8,11.5,0.0,26.0,Nuriootpa
43.0,77.0,,2.0,1012.8,31.7,0.0,22.0,Moree
42.0,64.0,10.4,3.0,1007.6,20.6,0.0,30.0,CoffsHarbour
44.0,72.0,8.8,6.0,1015.3,20.2,1.6,35.0,PearceRAAF
55.0,46.0,,,,22.0,0.0,,CoffsHarbour
,80.0,,,1008.7,,5.0,22.0,Katherine
56.0,55.0,9.6,0.0,1011.8,22.8,0.0,,Albany
78.0,87.0,8.7,6.0,1007.0,18.5,1.0,,Albany
,23.0,,,,,0.0,,Canberra
73.0,98.0,,,1015.6,19.1,16.8,19.0,Richmond
94.0,97.0,0.0,8.0,1002.0,11.7,16.8,80.0,Hobart
79.0,86.0,,,1016.2,10.7,3.2,52.0,Witchcliffe
56.0,87.0,6.2,,1016.3,15.0,3.4,43.0,Dartmoor
45.0,86.0,5.0,5.0,1014.4,20.2,2.0,54.0,PerthAirport
48.0,69.0,8.0,7.0,1020.3,17.5,2.2,35.0,PerthAirport
42.0,46.0,,,1007.2,19.2,0.0,67.0,GoldCoast
53.0,71.0,10.8,1.0,1016.7,30.4,0.0,35.0,Williamtown
75.0,94.0,3.1,2.0,1011.3,15.6,10.2,63.0,PerthAirport
71.0,99.0,,,1013.6,14.7,0.2,24.0,Dartmoor
56.0,66.0,7.9,5.0,1018.1,20.9,0.0,,Sydney
89.0,98.0,0.0,7.0,1012.4,17.8,21.4,33.0,Brisbane
49.0,51.0,,,1018.5,26.0,0.0,31.0,Wollongong
48.0,99.0,6.5,1.0,1025.6,11.6,0.2,17.0,Canberra
20.0,47.0,10.3,7.0,1014.4,26.3,0.0,31.0,Mildura
71.0,68.0,5.2,7.0,1004.5,28.0,0.0,39.0,Townsville
79.0,47.0,2.6,8.0,1000.5,15.9,0.0,57.0,PearceRAAF
40.0,67.0,,4.0,1012.0,32.5,0.0,43.0,Katherine
19.0,45.0,13.3,,1012.6,35.2,0.0,43.0,PearceRAAF
54.0,66.0,8.1,2.0,1007.3,20.7,0.0,35.0,Hobart
37.0,83.0,,4.0,1000.4,15.1,0.2,74.0,Bendigo
52.0,62.0,12.0,0.0,1021.5,25.8,0.0,54.0,SydneyAirport
63.0,79.0,,1.0,1019.7,14.7,0.0,24.0,WaggaWagga
52.0,67.0,,,,22.2,0.0,30.0,Penrith
45.0,91.0,,7.0,1012.7,20.1,1.6,43.0,MountGambier
44.0,59.0,,,,22.9,1.6,26.0,Penrith
71.0,65.0,10.4,5.0,1019.6,21.1,0.0,28.0,NorfolkIsland
50.0,87.0,,,1031.9,12.4,0.0,17.0,Tuggeranong
69.0,64.0,6.7,6.0,1020.5,12.5,3.8,48.0,MountGambier
46.0,47.0,11.2,1.0,1009.8,31.9,0.0,37.0,Darwin
32.0,73.0,9.3,,1022.6,18.1,0.0,26.0,Canberra
30.0,60.0,,,1023.4,23.5,0.0,17.0,Albury
92.0,94.0,0.0,8.0,1000.8,9.3,3.8,33.0,Portland
42.0,48.0,10.9,7.0,1003.0,33.9,0.0,70.0,SydneyAirport
29.0,62.0,,,1016.5,27.0,0.0,30.0,Moree
26.0,38.0,8.5,5.0,1009.6,30.3,0.0,50.0,Moree
61.0,69.0,0.3,6.0,1017.0,20.7,0.0,35.0,PerthAirport
59.0,62.0,,,1012.4,21.2,1.4,41.0,Walpole
46.0,67.0,0.9,8.0,1013.9,24.1,0.2,39.0,PerthAirport
47.0,72.0,,,,29.7,0.0,20.0,Penrith
87.0,83.0,1.4,8.0,1016.9,16.8,1.8,20.0,CoffsHarbour
34.0,53.0,12.3,1.0,1011.1,33.6,0.0,33.0,PerthAirport
26.0,65.0,10.4,1.0,1015.1,27.4,0.0,39.0,SydneyAirport
90.0,100.0,,7.0,1010.6,11.4,0.0,28.0,Albury
17.0,37.0,11.2,2.0,1010.3,34.8,0.0,57.0,PearceRAAF
55.0,48.0,9.1,5.0,1026.8,16.9,0.4,28.0,NorfolkIsland
50.0,54.0,,7.0,1013.6,18.5,0.0,19.0,Williamtown
29.0,67.0,,,,21.6,0.0,41.0,SalmonGums
22.0,39.0,,1.0,1000.4,39.9,0.0,48.0,Moree
30.0,56.0,,,1017.1,19.6,0.0,56.0,Canberra
66.0,59.0,5.1,6.0,1017.1,15.2,10.4,44.0,Perth
39.0,57.0,,,1009.1,29.9,0.0,22.0,Albury
69.0,90.0,0.0,7.0,1019.8,13.6,1.2,24.0,MelbourneAirport
58.0,89.0,,2.0,1009.5,31.7,5.8,33.0,AliceSprings
46.0,67.0,,,,22.3,0.0,15.0,Penrith
37.0,47.0,1.0,7.0,1018.3,22.7,0.0,41.0,Woomera
69.0,99.0,,4.0,1025.9,10.8,0.0,15.0,Albury
54.0,66.0,8.6,2.0,1019.8,21.9,0.0,,Albany
27.0,53.0,,,1008.2,28.9,0.0,44.0,Albury
5.0,22.0,13.4,0.0,1014.2,36.0,0.0,43.0,Woomera
66.0,63.0,3.5,7.0,1005.0,30.3,0.0,48.0,Townsville
57.0,55.0,11.2,2.0,1001.7,32.0,1.0,35.0,Brisbane
63.0,68.0,9.8,1.0,1014.5,25.1,0.2,31.0,Perth
78.0,82.0,,,1013.7,22.0,0.2,54.0,NorahHead
69.0,64.0,3.3,,1017.1,16.8,0.0,30.0,Hobart
69.0,81.0,7.6,5.0,1016.0,25.0,3.2,26.0,Sydney
25.0,67.0,,,1016.4,33.3,0.0,35.0,Bendigo
32.0,72.0,10.7,2.0,1024.9,28.9,0.0,26.0,MountGambier
66.0,85.0,2.1,7.0,1011.8,9.9,0.0,22.0,Hobart
27.0,67.0,12.8,,1007.6,33.5,0.0,39.0,Adelaide
64.0,88.0,4.1,6.0,1015.7,26.0,34.8,26.0,Sydney
32.0,62.0,,,1009.3,28.4,0.0,33.0,Albury
49.0,54.0,,,1019.9,21.6,0.0,56.0,GoldCoast
46.0,53.0,9.9,3.0,1010.8,19.7,0.0,24.0,CoffsHarbour
59.0,53.0,5.3,,1023.4,11.7,0.4,46.0,Dartmoor
48.0,39.0,4.2,7.0,1017.5,19.5,0.0,57.0,MelbourneAirport
38.0,44.0,12.2,1.0,1015.5,20.3,0.0,54.0,Sydney
34.0,62.0,,,1017.8,26.7,0.0,30.0,Moree
26.0,44.0,5.2,,1011.2,33.3,0.0,56.0,PearceRAAF
60.0,76.0,,,1015.6,18.0,0.0,35.0,Walpole
49.0,57.0,7.5,7.0,1009.8,17.1,0.2,57.0,Hobart
77.0,75.0,3.8,7.0,1015.5,25.2,0.4,43.0,Cairns
73.0,79.0,4.9,7.0,1017.3,26.4,0.4,19.0,Brisbane
95.0,81.0,,8.0,1014.7,10.3,0.0,52.0,Bendigo
43.0,74.0,,0.0,,19.5,0.0,,Newcastle
10.0,38.0,13.4,1.0,1008.7,40.6,0.0,43.0,Woomera
72.0,85.0,,,1027.1,14.6,10.0,35.0,NorahHead
79.0,65.0,,,1012.1,22.0,0.8,28.0,NorahHead
72.0,80.0,4.7,,1021.4,9.6,0.2,31.0,Hobart
71.0,68.0,8.9,5.0,1018.2,21.5,0.4,41.0,NorfolkIsland
43.0,85.0,3.9,6.0,1015.6,28.3,2.0,31.0,WaggaWagga
80.0,67.0,4.5,,1010.7,8.7,4.8,39.0,Hobart
38.0,28.0,,,1012.0,24.3,0.0,41.0,Nhil
57.0,68.0,7.3,,1007.3,24.8,0.0,31.0,Sydney
6.0,13.0,10.3,6.0,1007.9,38.4,0.0,37.0,Mildura
57.0,70.0,8.7,0.0,1013.4,21.0,0.0,,Albany
50.0,71.0,,,1007.1,27.3,0.0,24.0,Albury
40.0,79.0,,,1018.8,19.5,0.2,15.0,Richmond
22.0,52.0,11.4,3.0,1011.2,36.0,0.0,39.0,Moree
91.0,90.0,,,1010.2,9.6,30.8,35.0,Albury
56.0,84.0,11.1,0.0,1025.7,15.1,0.2,35.0,Sale
41.0,70.0,,,1008.7,19.7,12.0,43.0,BadgerysCreek
85.0,93.0,,,1023.7,15.3,9.4,57.0,NorahHead
22.0,51.0,,,1018.1,20.9,0.0,39.0,Tuggeranong
36.0,86.0,8.5,2.0,1009.1,21.9,1.4,37.0,WaggaWagga
34.0,68.0,,,1031.0,19.0,0.0,20.0,Albury
40.0,52.0,9.2,2.0,1019.8,19.7,0.2,31.0,Woomera
58.0,70.0,,,1016.8,19.0,0.4,48.0,Witchcliffe
26.0,47.0,,1.0,1010.7,20.4,0.2,43.0,Bendigo
58.0,62.0,,,1017.2,22.1,0.0,54.0,GoldCoast
40.0,81.0,,,,15.7,0.0,43.0,MountGinini
42.0,51.0,11.6,2.0,1014.0,25.0,0.0,37.0,PerthAirport
29.0,67.0,13.4,4.0,1016.0,23.0,1.4,33.0,Watsonia
71.0,90.0,,8.0,1026.6,9.7,0.0,24.0,Bendigo
68.0,78.0,4.5,3.0,1005.6,11.2,0.0,85.0,MelbourneAirport
48.0,69.0,11.2,1.0,1017.3,23.5,0.0,31.0,Watsonia
67.0,70.0,,,1016.3,28.2,1.6,46.0,GoldCoast
40.0,83.0,,,1022.2,15.8,0.0,20.0,Launceston
16.0,27.0,,,1010.7,36.1,0.0,37.0,Uluru
79.0,81.0,,8.0,1017.2,22.8,5.8,24.0,Wollongong
57.0,62.0,6.5,5.0,1025.1,16.0,0.6,33.0,NorfolkIsland
86.0,78.0,,,1014.6,15.3,0.6,41.0,NorahHead
39.0,68.0,,,1023.1,25.1,0.0,26.0,Tuggeranong
48.0,52.0,10.5,0.0,1009.9,25.6,0.0,28.0,Perth
80.0,95.0,0.0,,1018.0,14.9,0.0,22.0,Dartmoor
66.0,65.0,2.6,6.0,1016.1,24.7,0.4,43.0,Townsville
61.0,69.0,2.7,3.0,1011.9,18.1,0.0,37.0,Williamtown
81.0,99.0,,,1026.2,14.2,0.2,37.0,Witchcliffe
33.0,58.0,,,1030.2,20.2,0.0,31.0,Moree
16.0,66.0,,,1006.7,39.5,0.0,61.0,Richmond
63.0,84.0,,3.0,1032.5,11.0,0.8,31.0,Sale
17.0,40.0,,,1013.8,28.9,0.0,30.0,Uluru
57.0,84.0,,7.0,1017.2,21.3,40.0,48.0,CoffsHarbour
24.0,52.0,,8.0,1011.8,18.5,0.0,59.0,Williamtown
19.0,54.0,,8.0,,33.5,0.0,,Newcastle
12.0,29.0,,,1010.5,30.6,0.0,65.0,Nhil
97.0,62.0,0.0,8.0,1021.9,8.0,0.0,31.0,Watsonia
43.0,58.0,8.2,4.0,1007.4,17.4,0.0,35.0,Sydney
52.0,63.0,,,,12.7,0.0,39.0,MountGinini
59.0,54.0,6.9,7.0,1019.5,15.5,0.0,43.0,Watsonia
44.0,97.0,,,1026.4,22.1,0.0,20.0,Canberra
49.0,68.0,,,1010.2,20.7,0.0,41.0,Nhil
25.0,66.0,12.5,,1021.7,24.0,0.0,35.0,MountGambier
63.0,76.0,0.5,7.0,1019.3,21.1,2.0,74.0,NorfolkIsland
34.0,66.0,11.0,5.0,1011.2,35.3,0.0,30.0,Darwin
51.0,75.0,,,1015.5,21.6,4.6,35.0,Tuggeranong
35.0,75.0,6.7,5.0,1010.6,32.7,0.0,39.0,Darwin
58.0,55.0,11.2,7.0,1011.1,24.3,0.0,48.0,PerthAirport
44.0,55.0,12.0,1.0,1019.9,22.9,0.6,59.0,MelbourneAirport
43.0,49.0,4.3,7.0,1019.9,24.3,0.0,50.0,MelbourneAirport
54.0,66.0,,,1020.1,22.7,0.0,41.0,NorahHead
66.0,88.0,,,1017.7,22.2,0.0,26.0,Witchcliffe
56.0,53.0,,,1020.9,20.7,0.0,31.0,NorahHead
33.0,45.0,11.2,0.0,1012.7,28.9,0.0,33.0,Darwin
69.0,69.0,8.9,4.0,1009.1,29.4,0.0,39.0,Townsville
4.0,1.0,11.9,0.0,1008.3,36.7,0.0,54.0,AliceSprings
32.0,46.0,6.2,,1010.1,27.6,0.0,46.0,PearceRAAF
20.0,51.0,,,1016.7,23.2,0.0,33.0,Woomera
61.0,65.0,,,1022.3,18.3,0.0,50.0,NorahHead
38.0,65.0,,5.0,1004.8,35.1,0.0,33.0,AliceSprings
53.0,82.0,8.9,1.0,1021.9,11.1,0.0,31.0,Canberra
44.0,67.0,13.5,,1015.4,25.5,0.0,30.0,Portland
20.0,35.0,,0.0,,27.2,0.0,,Newcastle
48.0,71.0,7.4,2.0,1017.3,17.4,0.0,35.0,Woomera
63.0,98.0,,,1020.3,11.2,3.0,28.0,Bendigo
49.0,81.0,10.4,2.0,1018.2,18.1,0.0,41.0,Sale
45.0,53.0,11.5,1.0,1008.8,25.7,0.0,54.0,PerthAirport
52.0,75.0,4.7,7.0,1016.2,23.8,2.0,37.0,Cairns
45.0,77.0,9.7,1.0,1016.9,20.5,0.0,26.0,Moree
64.0,78.0,8.8,5.0,1005.7,32.6,27.2,50.0,Darwin
75.0,98.0,,8.0,1002.4,13.2,9.2,48.0,Ballarat
89.0,87.0,,8.0,1016.7,18.3,22.6,52.0,Wollongong
53.0,63.0,9.9,3.0,1015.9,27.5,0.0,43.0,Townsville
31.0,50.0,,,1012.0,18.4,3.0,56.0,BadgerysCreek
56.0,58.0,,,1019.0,18.0,2.8,43.0,NorahHead
62.0,72.0,7.3,1.0,1023.0,16.1,0.0,35.0,Hobart
92.0,91.0,1.3,6.0,1023.4,16.0,41.6,69.0,SydneyAirport
,82.0,1.5,,1009.0,,4.8,,Albany
31.0,43.0,,4.0,1005.8,26.6,0.2,59.0,Bendigo
88.0,83.0,0.0,,1018.4,21.3,9.6,54.0,Sydney
55.0,99.0,,,1022.5,15.1,0.8,37.0,Witchcliffe
64.0,100.0,2.5,7.0,1017.9,11.4,0.0,35.0,Watsonia
60.0,73.0,,3.0,1028.8,13.9,0.0,17.0,Bendigo
13.0,19.0,,2.0,1010.2,38.4,0.0,85.0,Uluru
18.0,42.0,11.3,1.0,1007.3,33.1,0.0,43.0,WaggaWagga
33.0,67.0,,5.0,1013.1,33.5,0.0,31.0,Katherine
92.0,88.0,1.1,7.0,1001.6,27.2,24.8,43.0,Darwin
62.0,73.0,9.8,4.0,1010.2,32.5,0.0,35.0,Darwin
82.0,94.0,,,1019.9,14.0,1.0,19.0,Nhil
64.0,71.0,4.0,7.0,1022.4,8.3,0.2,43.0,Hobart
72.0,84.0,,,,17.1,9.4,37.0,SalmonGums
86.0,52.0,,,1007.8,21.2,0.0,39.0,Wollongong
59.0,66.0,9.1,5.0,1012.1,18.2,1.2,52.0,NorfolkIsland
61.0,95.0,3.9,,1002.2,17.1,1.2,48.0,Dartmoor
14.0,50.0,,,1004.8,34.2,0.0,46.0,Bendigo
53.0,72.0,,,1020.4,25.7,0.0,28.0,Witchcliffe
66.0,93.0,,,1007.2,15.3,11.4,50.0,Adelaide
52.0,66.0,,,,19.2,0.0,26.0,Penrith
,73.0,,,1010.9,,0.0,39.0,Katherine
59.0,81.0,11.6,2.0,1020.8,21.7,0.0,44.0,Portland
57.0,93.0,3.0,8.0,1024.6,21.7,0.8,46.0,Sale
20.0,40.0,,,,26.3,0.0,31.0,SalmonGums
71.0,81.0,0.1,8.0,1009.6,19.6,0.2,28.0,NorfolkIsland
42.0,87.0,8.6,3.0,1022.0,14.6,0.8,50.0,Woomera
75.0,96.0,1.6,7.0,1007.9,16.7,56.8,56.0,MelbourneAirport
60.0,92.0,,,1023.0,10.5,0.6,17.0,Nhil
54.0,68.0,6.4,4.0,1022.7,18.8,0.0,30.0,NorfolkIsland
16.0,54.0,11.3,4.0,1009.9,33.2,0.0,52.0,WaggaWagga
53.0,67.0,11.9,1.0,1010.4,32.4,0.0,41.0,Darwin
53.0,70.0,10.9,,1018.9,20.3,0.0,35.0,Portland
40.0,68.0,,,1005.5,16.2,0.0,30.0,Launceston
43.0,46.0,8.3,,1006.9,14.6,0.6,54.0,Hobart
50.0,56.0,,,1014.7,12.1,0.0,41.0,Tuggeranong
64.0,70.0,,,1019.0,27.8,0.0,30.0,GoldCoast
70.0,81.0,3.8,,1016.2,12.8,0.0,26.0,Hobart
63.0,73.0,,,1010.7,22.9,0.0,46.0,NorahHead
99.0,82.0,,8.0,1007.6,14.4,0.0,50.0,Ballarat
61.0,66.0,,4.0,,26.4,0.0,,Newcastle
63.0,74.0,3.6,7.0,1012.0,14.5,0.0,43.0,Portland
47.0,55.0,1.0,7.0,1017.6,12.5,0.0,19.0,Nuriootpa
60.0,64.0,,5.0,,25.0,0.0,,Newcastle
26.0,60.0,11.0,0.0,1025.1,23.9,0.0,24.0,Mildura
78.0,82.0,,,1015.3,25.3,0.0,41.0,Wollongong
11.0,32.0,,,,39.9,0.0,39.0,SalmonGums
56.0,43.0,1.5,6.0,1007.1,23.4,0.0,87.0,Williamtown
40.0,67.0,,5.0,1012.4,31.0,0.0,41.0,AliceSprings
35.0,88.0,,,,16.1,0.0,35.0,Penrith
56.0,69.0,3.3,7.0,1018.8,16.0,0.0,35.0,Watsonia
46.0,51.0,,,,20.5,0.0,30.0,Penrith
38.0,79.0,,,,24.8,0.0,33.0,Launceston
50.0,82.0,,,1015.7,22.5,0.0,39.0,Ballarat
65.0,77.0,,,1022.8,14.5,0.0,17.0,Tuggeranong
62.0,90.0,3.4,5.0,1009.3,15.0,6.4,26.0,Cobar
55.0,61.0,10.1,5.0,1018.5,23.1,0.0,46.0,SydneyAirport
16.0,62.0,12.1,7.0,1012.6,28.6,0.0,35.0,Watsonia
59.0,67.0,8.9,6.0,1020.3,20.0,0.0,35.0,Melbourne
45.0,63.0,7.9,6.0,1013.9,16.0,7.6,70.0,PerthAirport
70.0,73.0,,,1011.9,22.9,0.0,41.0,NorahHead
57.0,79.0,9.8,,1022.7,13.4,0.0,33.0,Nuriootpa
68.0,86.0,,,1013.3,23.9,13.8,39.0,BadgerysCreek
31.0,45.0,10.4,4.0,1013.5,32.4,0.0,39.0,PearceRAAF
50.0,58.0,6.5,7.0,1029.8,17.4,0.0,43.0,SydneyAirport
71.0,83.0,0.0,8.0,1016.3,13.8,0.0,67.0,Melbourne
57.0,99.0,8.4,1.0,1023.5,20.6,1.2,22.0,Perth
51.0,79.0,9.3,,1017.6,20.9,0.4,50.0,Portland
38.0,45.0,12.4,1.0,1005.7,33.8,0.0,30.0,Perth
62.0,63.0,11.2,4.0,1005.4,31.6,0.0,39.0,Townsville
44.0,76.0,,8.0,1007.1,26.2,11.4,35.0,Canberra
59.0,99.0,,,1015.6,22.5,0.2,30.0,Witchcliffe
55.0,73.0,3.3,7.0,1023.0,15.7,1.0,35.0,Mildura
71.0,77.0,5.2,7.0,1015.5,25.4,0.0,78.0,SydneyAirport
,100.0,,,,,4.8,,Newcastle
71.0,98.0,,,1027.1,21.9,0.0,24.0,BadgerysCreek
22.0,61.0,,,1017.9,27.6,0.0,37.0,Nhil
95.0,81.0,0.4,8.0,1004.8,9.3,4.2,70.0,WaggaWagga
57.0,70.0,3.3,7.0,1017.3,23.7,11.4,48.0,Sydney
14.0,40.0,11.4,3.0,1012.5,34.9,0.0,63.0,PearceRAAF
42.0,67.0,9.3,7.0,1017.7,25.5,0.0,37.0,SydneyAirport
58.0,53.0,7.9,6.0,1015.5,21.9,0.2,35.0,Sydney
79.0,60.0,0.9,,1014.5,21.2,0.0,33.0,Adelaide
70.0,71.0,0.0,8.0,1025.8,16.0,0.0,,Albany
64.0,58.0,8.2,8.0,1013.2,28.5,0.0,30.0,Brisbane
23.0,44.0,,,1017.6,30.9,0.0,39.0,Moree
83.0,83.0,5.0,8.0,1015.4,18.5,0.0,,Albany
37.0,53.0,,7.0,1018.9,17.8,0.0,50.0,Bendigo
61.0,60.0,11.7,6.0,1012.0,27.7,0.0,41.0,Townsville
34.0,63.0,11.2,0.0,1013.8,23.4,0.0,41.0,AliceSprings
,77.0,,,,,0.0,,Newcastle
49.0,84.0,,,,20.1,2.6,33.0,SalmonGums
36.0,78.0,,,,22.5,12.2,,Canberra
24.0,57.0,,,1019.2,27.1,0.0,33.0,Nhil
24.0,51.0,12.9,,1009.6,38.6,0.2,39.0,Nuriootpa
66.0,63.0,,,,9.9,0.0,31.0,MountGinini
63.0,69.0,6.8,7.0,1016.1,25.1,0.0,30.0,Brisbane
23.0,42.0,12.0,5.0,1011.5,31.1,0.0,65.0,PearceRAAF
78.0,89.0,5.0,7.0,1015.9,5.7,0.0,41.0,Canberra
53.0,66.0,,,,20.2,0.0,41.0,Launceston
78.0,82.0,2.2,7.0,1012.8,24.7,2.4,43.0,Townsville
27.0,45.0,,,,19.7,0.0,54.0,Penrith
55.0,86.0,,,1017.5,13.1,0.0,59.0,Sale
67.0,74.0,5.3,4.0,1021.3,20.6,3.0,33.0,NorfolkIsland
64.0,70.0,4.5,7.0,1016.8,21.7,0.0,37.0,Melbourne
53.0,99.0,,,,16.2,0.0,48.0,MountGinini
31.0,74.0,8.6,,1017.0,19.7,0.0,,Canberra
66.0,84.0,,2.0,1018.3,17.3,1.4,24.0,Woomera
69.0,84.0,4.8,7.0,1021.6,14.2,4.6,,Albany
61.0,76.0,,4.0,1011.5,17.6,0.0,39.0,Albury
64.0,85.0,6.2,2.0,1009.5,12.5,14.4,72.0,MountGambier
55.0,67.0,,4.0,1009.7,23.9,,48.0,NorfolkIsland
74.0,94.0,7.3,7.0,1016.1,14.4,0.2,26.0,MountGambier
79.0,90.0,,,,3.8,0.0,67.0,MountGinini
49.0,71.0,,1.0,1026.7,14.5,0.0,35.0,Canberra
20.0,91.0,6.3,7.0,1022.7,26.5,0.0,46.0,MelbourneAirport
91.0,96.0,0.8,7.0,996.5,13.1,1.0,37.0,MountGambier
65.0,70.0,10.8,2.0,1009.0,29.5,0.0,30.0,Townsville
64.0,99.0,,,1026.1,19.3,0.6,31.0,Witchcliffe
72.0,78.0,,3.0,993.5,19.4,0.0,65.0,Wollongong
77.0,100.0,,,1024.1,11.3,0.2,48.0,Nhil
55.0,74.0,,,1013.0,25.4,2.2,41.0,BadgerysCreek
56.0,69.0,4.2,7.0,1029.0,15.6,0.0,41.0,SydneyAirport
48.0,54.0,6.1,2.0,1023.1,21.6,0.0,41.0,SydneyAirport
28.0,57.0,9.2,,1014.7,19.7,0.0,63.0,Hobart
77.0,83.0,,,1013.5,17.8,0.0,31.0,Richmond
55.0,79.0,5.8,6.0,1010.9,13.4,0.0,41.0,Watsonia
47.0,63.0,13.1,1.0,1015.9,23.8,0.0,39.0,Perth
58.0,91.0,,8.0,996.0,31.9,5.6,87.0,Woomera
43.0,84.0,7.2,6.0,1013.5,27.3,0.0,30.0,Moree
72.0,81.0,,8.0,,11.1,0.0,52.0,Launceston
45.0,84.0,,,1018.9,18.2,0.0,28.0,Launceston
51.0,47.0,,,,17.5,0.0,46.0,MountGinini
11.0,28.0,13.1,,1015.9,32.6,0.0,41.0,Adelaide
54.0,80.0,5.0,6.0,1019.6,18.3,0.2,39.0,PearceRAAF
78.0,86.0,,8.0,1015.1,15.9,3.2,59.0,Sale
34.0,97.0,3.4,7.0,996.1,21.0,0.0,94.0,Hobart
43.0,70.0,,,1023.2,16.2,0.2,33.0,Richmond
68.0,60.0,,,1011.8,23.1,0.2,41.0,GoldCoast
49.0,59.0,11.7,3.0,1019.6,18.7,0.0,39.0,MountGambier
39.0,85.0,,6.0,1006.0,28.0,7.6,44.0,Katherine
54.0,100.0,,,1020.3,14.5,0.0,20.0,Tuggeranong
68.0,78.0,,,1009.1,15.4,0.0,56.0,Launceston
14.0,33.0,9.5,0.0,1003.0,23.1,0.0,74.0,Mildura
30.0,58.0,,1.0,1011.1,33.0,0.0,41.0,Katherine
7.0,16.0,13.2,0.0,1010.3,31.6,0.0,37.0,AliceSprings
69.0,100.0,,1.0,1014.9,12.3,2.6,44.0,Ballarat
86.0,56.0,,8.0,1010.3,15.4,0.0,24.0,Canberra
20.0,40.0,,,1017.3,20.3,0.0,46.0,Moree
72.0,92.0,,,,15.4,19.4,35.0,SalmonGums
25.0,55.0,10.5,1.0,1014.1,25.5,0.2,37.0,Woomera
62.0,73.0,4.7,6.0,1025.9,14.8,0.0,59.0,SydneyAirport
59.0,96.0,,,1017.2,26.9,0.0,30.0,BadgerysCreek
86.0,66.0,0.0,8.0,1003.6,18.7,0.0,63.0,NorfolkIsland
41.0,41.0,13.2,0.0,1010.1,23.5,0.0,39.0,PerthAirport
22.0,69.0,2.6,6.0,1018.7,17.8,0.0,39.0,Woomera
9.0,17.0,9.2,,1011.1,35.6,0.0,33.0,AliceSprings
42.0,68.0,2.1,6.0,1018.1,10.6,0.0,31.0,Moree
38.0,69.0,6.7,7.0,1007.3,31.0,8.2,72.0,AliceSprings
47.0,81.0,,,1011.9,29.4,0.0,30.0,Richmond
63.0,72.0,,,1011.8,27.9,1.2,41.0,Cairns
60.0,86.0,,,1006.5,16.2,10.8,41.0,Walpole
38.0,65.0,,,1016.6,27.3,0.0,31.0,GoldCoast
49.0,87.0,,,1030.6,15.4,0.2,17.0,Canberra
74.0,91.0,,,,17.4,3.4,28.0,Penrith
54.0,93.0,6.8,1.0,1022.8,19.5,0.0,,Albany
,67.0,,,1009.6,,0.0,33.0,Katherine
91.0,60.0,2.4,8.0,1005.1,20.2,1.4,37.0,PerthAirport
18.0,53.0,,,1007.5,25.8,0.0,46.0,Adelaide
71.0,93.0,4.4,6.0,1020.3,23.0,0.0,39.0,SydneyAirport
34.0,63.0,,1.0,,16.9,0.0,,Newcastle
39.0,73.0,4.8,4.0,1002.3,9.0,3.6,72.0,Hobart
77.0,96.0,,5.0,1008.5,24.8,0.0,61.0,CoffsHarbour
49.0,85.0,6.9,3.0,990.9,29.7,2.4,63.0,Watsonia
54.0,62.0,,,,21.5,0.0,39.0,Penrith
86.0,99.0,1.1,8.0,1016.8,17.1,0.0,17.0,Portland
57.0,70.0,10.6,1.0,1012.6,31.5,0.0,39.0,Darwin
17.0,26.0,,,1003.2,39.2,0.0,44.0,Adelaide
56.0,63.0,,,1009.0,30.3,0.6,35.0,Townsville
27.0,59.0,,,1013.7,21.5,0.0,39.0,BadgerysCreek
81.0,52.0,,8.0,1008.9,22.3,0.0,69.0,Albury
84.0,84.0,0.0,8.0,1010.2,13.0,0.0,30.0,MountGambier
82.0,87.0,,3.0,1012.0,22.7,0.8,31.0,WaggaWagga
38.0,71.0,,2.0,1017.7,26.1,0.0,28.0,Cobar
39.0,40.0,0.0,7.0,1016.5,19.8,0.0,37.0,PerthAirport
54.0,93.0,9.7,1.0,1023.1,13.7,0.0,26.0,MountGambier
26.0,31.0,10.0,,1014.2,28.6,0.0,41.0,PearceRAAF
55.0,81.0,10.9,,1021.2,19.3,0.0,28.0,Dartmoor
69.0,99.0,,,1024.3,12.4,0.2,26.0,Canberra
22.0,47.0,,,1001.0,35.9,0.2,87.0,Nhil
27.0,54.0,10.9,0.0,1012.8,31.6,0.0,52.0,Darwin
36.0,63.0,,6.0,1008.4,35.3,0.2,67.0,Katherine
46.0,72.0,,3.0,1012.6,12.7,,61.0,Moree
35.0,42.0,,,1007.7,16.5,0.0,59.0,BadgerysCreek
68.0,66.0,0.1,7.0,1026.9,13.2,1.6,28.0,Portland
50.0,58.0,3.8,4.0,1004.4,20.4,0.0,59.0,Mildura
64.0,64.0,4.6,8.0,1018.9,17.3,0.0,37.0,NorfolkIsland
59.0,68.0,,,1017.9,15.6,7.4,56.0,BadgerysCreek
56.0,79.0,,5.0,1007.5,15.6,3.4,48.0,Albury
29.0,52.0,,,,23.4,0.0,33.0,SalmonGums
71.0,67.0,,7.0,1013.8,24.2,0.1,50.0,CoffsHarbour
92.0,95.0,0.9,7.0,1004.7,9.6,0.0,50.0,PerthAirport
87.0,69.0,,8.0,1004.6,25.7,0.0,35.0,Katherine
58.0,82.0,,,1022.4,22.0,0.2,35.0,Witchcliffe
52.0,65.0,11.9,1.0,1008.7,34.5,0.0,33.0,Darwin
23.0,75.0,11.0,,1013.7,28.7,1.6,39.0,Canberra
39.0,64.0,,,1017.1,24.7,0.0,31.0,Launceston
95.0,80.0,,,1006.2,22.2,0.2,31.0,Dartmoor
65.0,96.0,,,1011.5,17.7,2.2,31.0,Witchcliffe
46.0,54.0,10.0,3.0,1018.5,27.6,0.2,35.0,Brisbane
29.0,94.0,9.8,,1008.9,31.3,0.0,41.0,Dartmoor
39.0,69.0,9.2,3.0,1020.7,28.1,6.8,44.0,Moree
70.0,62.0,9.5,4.0,1021.2,9.6,0.2,56.0,Sale
73.0,78.0,5.3,6.0,1008.4,18.0,2.4,,Albany
42.0,54.0,,,1008.6,28.6,0.4,37.0,Tuggeranong
81.0,86.0,0.0,5.0,1015.8,12.3,0.0,43.0,Portland
25.0,77.0,,,,26.6,0.0,70.0,Penrith
57.0,74.0,8.3,,1025.5,16.3,0.0,35.0,Nuriootpa
62.0,80.0,,,1007.8,16.8,0.0,46.0,Ballarat
3.0,43.0,13.6,3.0,1010.3,32.2,0.0,39.0,WaggaWagga
30.0,62.0,10.5,3.0,1021.8,18.2,0.0,41.0,AliceSprings
67.0,64.0,,,1022.7,13.1,8.8,44.0,Witchcliffe
61.0,63.0,6.3,7.0,1007.4,19.3,0.0,26.0,Hobart
51.0,82.0,,3.0,1011.8,21.2,1.8,50.0,Bendigo
56.0,80.0,,,1013.0,23.3,0.0,33.0,Launceston
64.0,70.0,3.8,7.0,1023.0,15.2,0.2,37.0,Watsonia
67.0,49.0,5.8,7.0,1017.5,18.1,0.4,43.0,NorfolkIsland
41.0,52.0,,,1014.4,24.5,0.0,48.0,GoldCoast
42.0,99.0,,,1012.4,16.8,0.0,24.0,Richmond
74.0,86.0,1.4,7.0,1015.8,14.2,0.6,31.0,Nuriootpa
69.0,89.0,0.5,7.0,1017.2,22.6,5.0,30.0,Sydney
48.0,100.0,,,1019.7,23.7,0.2,28.0,BadgerysCreek
87.0,78.0,2.9,7.0,1005.7,27.0,0.8,33.0,Cairns
76.0,71.0,,4.0,1020.8,18.2,3.8,50.0,Wollongong
,94.0,,,,,0.0,,Newcastle
55.0,87.0,7.0,4.0,1006.7,13.8,2.8,85.0,PearceRAAF
26.0,52.0,4.6,,1010.9,30.2,0.0,28.0,Adelaide
29.0,47.0,13.1,4.0,1016.7,30.3,0.0,33.0,WaggaWagga
93.0,76.0,1.2,,1008.2,10.6,0.0,52.0,Dartmoor
12.0,16.0,7.5,7.0,1019.5,31.4,0.0,41.0,AliceSprings
63.0,72.0,7.9,7.0,1005.5,33.1,0.0,72.0,Darwin
11.0,28.0,,7.0,1008.9,37.1,0.0,69.0,Bendigo
40.0,53.0,,,1013.6,12.4,2.0,50.0,Tuggeranong
34.0,72.0,10.5,0.0,1020.2,24.1,0.0,28.0,Mildura
37.0,65.0,11.1,2.0,1015.5,22.0,0.0,43.0,Woomera
18.0,49.0,12.2,6.0,1010.2,33.2,0.0,44.0,WaggaWagga
44.0,80.0,,,1007.7,27.7,0.0,33.0,MountGambier
50.0,80.0,8.6,2.0,1024.2,16.1,0.0,26.0,MelbourneAirport
46.0,40.0,12.7,2.0,1026.7,19.7,0.0,33.0,SydneyAirport
62.0,79.0,,,1017.7,18.1,0.2,19.0,NorahHead
40.0,90.0,,,1014.0,29.1,20.2,26.0,Moree
56.0,80.0,7.4,1.0,1026.0,11.9,0.4,59.0,Hobart
63.0,61.0,10.8,2.0,1025.3,20.6,0.2,,Albany
88.0,93.0,1.5,7.0,1011.3,24.5,1.0,52.0,NorfolkIsland
74.0,66.0,11.4,2.0,1011.9,22.5,0.0,,Albany
82.0,100.0,,,1011.2,21.1,0.0,20.0,Walpole
88.0,97.0,1.3,6.0,1004.4,9.0,8.5,70.0,Nuriootpa
50.0,69.0,1.2,3.0,1012.2,19.1,0.4,54.0,PerthAirport
63.0,70.0,8.8,5.0,1017.5,25.2,2.2,56.0,Cairns
94.0,95.0,,6.0,1010.2,10.6,8.2,37.0,Cobar
95.0,94.0,0.0,8.0,1005.0,11.7,6.8,63.0,Sale
21.0,43.0,,,,35.1,0.0,35.0,SalmonGums
61.0,84.0,,,1015.5,25.6,3.8,24.0,Richmond
6.0,15.0,,,1006.3,41.0,0.0,44.0,Uluru
41.0,75.0,10.1,5.0,1011.9,30.4,0.0,41.0,Darwin
37.0,46.0,10.0,6.0,1017.0,17.1,0.2,54.0,MelbourneAirport
68.0,92.0,4.7,6.0,1012.6,5.1,0.4,50.0,Canberra
36.0,75.0,,,1013.4,20.9,0.0,35.0,Albury
,,4.0,,999.2,10.0,6.6,43.0,Dartmoor
30.0,56.0,,,,28.3,0.0,35.0,Penrith
63.0,79.0,,,1015.3,26.9,4.6,37.0,GoldCoast
43.0,64.0,,,1020.0,22.7,0.0,31.0,Richmond
63.0,82.0,,8.0,1015.4,14.5,2.2,43.0,Albury
23.0,45.0,11.8,1.0,1013.7,18.4,0.0,43.0,Canberra
53.0,87.0,6.2,3.0,1019.0,11.1,3.8,54.0,WaggaWagga
,,,,1024.0,17.6,0.0,30.0,Witchcliffe
95.0,97.0,,8.0,,14.1,6.4,28.0,Launceston
66.0,100.0,5.3,7.0,1031.2,12.4,2.4,22.0,Watsonia
40.0,69.0,9.3,3.0,1009.5,32.5,0.0,39.0,Darwin
81.0,75.0,,,1015.2,16.6,4.2,33.0,BadgerysCreek
29.0,59.0,,8.0,1010.9,27.7,0.0,35.0,Ballarat
32.0,56.0,,,1012.5,20.6,0.0,35.0,Wollongong
94.0,70.0,3.4,8.0,1010.6,12.5,5.6,72.0,Portland
66.0,99.0,,,1009.8,10.8,1.0,31.0,Tuggeranong
71.0,88.0,,7.0,1024.8,8.3,1.4,52.0,Ballarat
57.0,99.0,,2.0,1019.1,14.9,0.0,28.0,Ballarat
53.0,68.0,9.2,4.0,1013.4,31.4,0.0,52.0,Cairns
39.0,74.0,7.6,7.0,1010.6,27.8,0.0,39.0,Perth
58.0,93.0,,8.0,1013.0,15.4,0.0,28.0,Albury
38.0,48.0,9.4,1.0,1018.6,16.5,0.0,48.0,SydneyAirport
59.0,71.0,12.0,5.0,1009.4,19.1,0.0,76.0,Sale
42.0,65.0,9.3,1.0,1013.3,18.7,0.0,52.0,MelbourneAirport
79.0,96.0,,,1020.8,21.0,1.6,17.0,NorahHead
44.0,70.0,,,1024.0,20.0,0.0,22.0,BadgerysCreek
75.0,84.0,,,1014.0,19.1,0.0,28.0,Walpole
45.0,75.0,,,1011.0,27.4,0.0,44.0,Richmond
15.0,29.0,,1.0,1007.6,36.7,0.0,70.0,Canberra
84.0,59.0,1.0,7.0,1011.5,11.0,0.0,52.0,MelbourneAirport
80.0,70.0,1.8,7.0,1019.2,16.6,0.0,31.0,Perth
14.0,23.0,11.2,0.0,1008.6,24.1,0.0,54.0,Brisbane
24.0,54.0,9.7,5.0,1016.3,29.7,0.0,43.0,WaggaWagga
24.0,38.0,,,1010.0,34.9,0.0,28.0,Albury
61.0,69.0,,,1022.1,16.3,4.0,35.0,Walpole
39.0,62.0,9.7,5.0,1015.4,17.3,0.0,52.0,MelbourneAirport
57.0,72.0,8.7,2.0,1021.7,16.7,4.4,52.0,Sydney
31.0,58.0,,,,22.3,0.0,26.0,SalmonGums
49.0,75.0,,6.0,1009.2,26.8,8.4,35.0,Albury
39.0,74.0,,,1020.1,21.3,0.0,26.0,Tuggeranong
71.0,81.0,4.4,7.0,1011.6,14.6,2.4,56.0,MountGambier
47.0,82.0,,,1019.2,21.4,0.0,41.0,Ballarat
79.0,69.0,7.2,7.0,1014.6,22.5,0.0,52.0,NorfolkIsland
30.0,43.0,,,1010.3,19.9,0.0,35.0,Launceston
51.0,72.0,8.4,2.0,1009.5,31.3,0.0,33.0,Darwin
29.0,70.0,,1.0,1017.0,23.3,0.0,33.0,WaggaWagga
79.0,71.0,,7.0,1009.3,18.0,0.0,63.0,Cobar
44.0,82.0,4.0,7.0,1020.0,16.1,0.0,37.0,Woomera
38.0,55.0,,3.0,1010.6,23.3,22.6,39.0,Richmond
66.0,44.0,10.6,1.0,1010.6,25.4,0.0,28.0,Brisbane
37.0,79.0,,,1008.0,26.8,0.0,37.0,Ballarat
58.0,99.0,7.2,,1021.2,14.9,12.4,31.0,Adelaide
92.0,93.0,0.0,8.0,1009.1,10.2,4.6,48.0,MelbourneAirport
9.0,13.0,,,1011.6,36.7,0.0,44.0,Uluru
14.0,42.0,10.1,0.0,1015.0,22.5,0.0,41.0,AliceSprings
47.0,68.0,,1.0,1018.0,24.1,0.0,39.0,Ballarat
47.0,79.0,2.3,7.0,1035.7,17.3,0.8,37.0,Portland
39.0,70.0,9.7,6.0,1028.2,14.9,0.0,48.0,AliceSprings
34.0,59.0,,,1026.6,20.8,0.0,52.0,Bendigo
59.0,45.0,10.7,0.0,1015.0,21.3,0.0,54.0,CoffsHarbour
7.0,22.0,,2.0,1005.9,41.5,0.0,56.0,Cobar
43.0,78.0,3.6,6.0,1022.8,21.3,0.0,20.0,Mildura
36.0,61.0,9.7,3.0,1017.8,18.5,0.0,33.0,Moree
53.0,80.0,,8.0,1013.1,14.5,7.0,56.0,MountGambier
65.0,79.0,1.7,7.0,1015.0,25.6,9.4,33.0,Brisbane
84.0,94.0,0.0,8.0,1018.3,13.6,0.2,15.0,MountGambier
74.0,46.0,5.1,7.0,1004.0,15.3,0.0,65.0,Watsonia
18.0,42.0,13.4,0.0,1018.5,24.0,0.0,48.0,Mildura
,81.0,,,1018.0,,2.0,,Albany
58.0,67.0,,,1029.3,14.0,0.0,20.0,Walpole
78.0,82.0,4.0,6.0,1027.1,15.9,15.0,,Sydney
42.0,85.0,10.6,5.0,1014.3,21.7,0.0,48.0,Nuriootpa
76.0,79.0,,,1023.5,18.7,0.0,43.0,NorahHead
47.0,56.0,7.8,2.0,1014.5,11.9,0.0,54.0,Canberra
50.0,52.0,0.9,7.0,1011.2,17.1,0.4,31.0,CoffsHarbour
49.0,77.0,3.6,6.0,1015.9,23.1,0.0,41.0,Canberra
60.0,93.0,,,,3.5,1.0,56.0,MountGinini
44.0,61.0,,,1015.9,16.4,0.0,33.0,NorahHead
61.0,78.0,,,1023.2,14.9,0.0,20.0,Adelaide
47.0,62.0,,,1016.1,20.5,1.4,37.0,Dartmoor
88.0,78.0,,,1012.4,15.5,17.2,72.0,NorahHead
46.0,74.0,,,1013.2,20.2,0.0,26.0,Richmond
75.0,44.0,,,,26.8,2.6,,CoffsHarbour
36.0,61.0,11.8,6.0,1014.2,20.8,0.0,59.0,MelbourneAirport
81.0,100.0,7.6,,1028.6,15.0,0.8,30.0,Dartmoor
44.0,46.0,9.6,1.0,1012.7,21.2,0.0,26.0,NorfolkIsland
39.0,71.0,,,,18.6,0.0,39.0,SalmonGums
81.0,100.0,,8.0,990.4,9.7,20.2,48.0,Bendigo
6.0,8.0,8.5,8.0,1000.2,40.3,0.0,63.0,Woomera
52.0,73.0,,,1021.8,17.5,0.2,20.0,Bendigo
26.0,51.0,,,,19.3,0.0,37.0,SalmonGums
70.0,66.0,,,1020.2,21.5,0.0,46.0,Walpole
51.0,89.0,5.9,7.0,1014.8,14.4,0.0,43.0,WaggaWagga
41.0,76.0,,,,17.7,0.0,17.0,Penrith
34.0,81.0,,,1017.5,21.8,0.0,39.0,Canberra
37.0,91.0,7.8,6.0,994.4,18.1,8.4,80.0,Hobart
19.0,63.0,10.3,3.0,1014.6,29.7,0.0,35.0,Sydney
37.0,64.0,10.2,5.0,1007.8,33.3,0.0,35.0,Darwin
55.0,85.0,9.2,1.0,1019.6,20.0,29.6,28.0,Williamtown
47.0,71.0,7.4,4.0,1016.7,18.3,3.8,74.0,Sale
37.0,74.0,11.0,6.0,1024.9,19.7,0.0,33.0,Mildura
55.0,86.0,11.3,5.0,1015.8,18.5,0.0,31.0,Portland
73.0,80.0,,3.0,1020.4,21.4,14.0,35.0,Williamtown
78.0,89.0,3.5,7.0,1026.2,13.2,0.6,39.0,MelbourneAirport
39.0,84.0,,,1022.6,11.4,0.2,28.0,Tuggeranong
70.0,95.0,,8.0,1002.1,11.7,8.6,67.0,Albury
56.0,81.0,,,1016.0,16.8,8.4,41.0,Walpole
88.0,92.0,,,1028.8,9.0,4.6,37.0,Witchcliffe
27.0,64.0,10.0,0.0,1018.0,22.4,0.0,30.0,Woomera
53.0,76.0,4.0,7.0,1020.6,12.1,1.6,31.0,MelbourneAirport
73.0,94.0,,,,9.5,2.6,33.0,MountGinini
26.0,64.0,,,1002.3,31.2,0.4,72.0,Wollongong
23.0,51.0,11.0,0.0,1023.1,22.0,0.0,35.0,AliceSprings
92.0,97.0,,8.0,1012.6,12.6,4.2,28.0,Richmond
26.0,47.0,,1.0,1014.2,31.9,0.0,46.0,Cobar
45.0,60.0,9.1,6.0,1007.1,32.1,0.0,50.0,Moree
47.0,45.0,13.2,1.0,1003.8,32.7,9.8,31.0,Perth
93.0,79.0,2.4,,1018.7,13.7,0.0,37.0,Sydney
65.0,72.0,,,1020.2,18.2,0.0,26.0,NorahHead
24.0,57.0,12.2,2.0,1019.7,32.8,0.0,31.0,Melbourne
62.0,63.0,,,1023.1,11.9,17.8,52.0,Walpole
45.0,84.0,,,1012.2,27.0,0.0,31.0,MountGambier
53.0,61.0,,,1028.3,22.9,3.2,31.0,NorahHead
70.0,99.0,,,1024.9,15.5,0.2,,Sale
20.0,63.0,,,1014.9,29.3,0.0,48.0,Nhil
48.0,74.0,8.5,,1020.0,13.1,0.0,37.0,Hobart
35.0,57.0,,,1009.9,22.3,0.0,33.0,Tuggeranong
20.0,50.0,,6.0,1008.3,34.8,0.0,43.0,Bendigo
52.0,97.0,,,,15.2,0.0,24.0,MountGinini
57.0,74.0,9.6,1.0,1006.9,24.2,0.0,59.0,NorfolkIsland
61.0,73.0,5.0,7.0,1018.6,11.9,3.8,54.0,MelbourneAirport
70.0,77.0,3.7,5.0,1022.2,13.8,0.0,37.0,Portland
67.0,82.0,,,1018.1,21.1,9.8,31.0,NorahHead
,96.0,,,1010.8,,6.1,,Albany
48.0,79.0,,6.0,1002.2,22.5,7.0,48.0,Albury
29.0,40.0,10.3,2.0,1016.5,16.7,0.0,56.0,Williamtown
56.0,61.0,10.2,1.0,1017.7,19.4,0.4,50.0,NorfolkIsland
67.0,64.0,,8.0,1020.2,23.8,0.0,41.0,NorfolkIsland
67.0,66.0,,,1007.5,25.9,0.2,39.0,Richmond
43.0,74.0,,0.0,,25.0,0.0,,Newcastle
40.0,71.0,8.6,3.0,1010.4,17.3,2.2,41.0,SydneyAirport
35.0,43.0,11.4,1.0,1008.5,24.9,0.0,31.0,Brisbane
87.0,79.0,,,1007.2,18.3,0.2,59.0,Witchcliffe
64.0,98.0,,,,18.5,0.2,28.0,Penrith
65.0,83.0,,6.0,,21.4,0.0,,Newcastle
29.0,59.0,12.9,1.0,1012.0,34.5,0.0,43.0,Moree
59.0,75.0,,0.0,,27.0,0.0,,Newcastle
64.0,63.0,,,1013.3,26.5,0.0,57.0,CoffsHarbour
38.0,95.0,,,1009.5,28.8,,31.0,Richmond
20.0,47.0,,,1024.6,21.4,0.0,35.0,Woomera
56.0,73.0,4.3,7.0,1011.4,18.5,5.6,41.0,Perth
42.0,66.0,,,1016.4,17.2,0.0,41.0,Tuggeranong
,81.0,,,,,0.2,,Newcastle
53.0,79.0,,3.0,,30.5,0.0,,Newcastle
41.0,58.0,,,1017.7,25.3,0.0,43.0,BadgerysCreek
69.0,70.0,7.8,4.0,1017.8,22.7,0.0,50.0,NorfolkIsland
28.0,53.0,9.5,0.0,1017.3,22.4,0.0,52.0,PerthAirport
24.0,46.0,,7.0,1015.7,15.9,0.0,24.0,Cobar
49.0,53.0,6.3,,1019.6,17.9,0.0,43.0,Hobart
62.0,87.0,6.2,3.0,1033.9,12.0,0.0,15.0,Canberra
53.0,40.0,,,1017.3,22.1,0.0,22.0,NorahHead
35.0,48.0,0.4,7.0,1015.7,29.3,0.0,46.0,Melbourne
81.0,98.0,,,1003.5,11.9,1.8,15.0,Launceston
45.0,74.0,7.3,6.0,1005.9,23.1,0.0,35.0,Nuriootpa
62.0,73.0,9.6,1.0,1016.2,21.1,0.0,,Albany
42.0,72.0,6.3,,1021.4,17.9,0.0,56.0,Woomera
50.0,53.0,,4.0,1020.6,19.0,147.8,61.0,CoffsHarbour
19.0,47.0,8.7,1.0,1013.1,21.4,0.0,61.0,WaggaWagga
15.0,27.0,,,,24.0,0.0,22.0,Penrith
43.0,76.0,,,,15.2,0.0,24.0,BadgerysCreek
48.0,89.0,10.9,1.0,1013.8,23.4,5.0,31.0,Williamtown
61.0,63.0,,,1021.2,22.6,0.0,57.0,GoldCoast
79.0,91.0,2.5,8.0,1018.7,12.8,5.6,33.0,Nuriootpa
68.0,71.0,,,1007.5,29.0,0.0,37.0,GoldCoast
74.0,79.0,0.8,7.0,1010.8,25.9,0.0,39.0,Townsville
44.0,61.0,11.1,1.0,1008.3,31.2,0.0,44.0,Cairns
66.0,46.0,6.9,3.0,1016.0,17.1,0.0,59.0,SydneyAirport
90.0,92.0,0.1,8.0,1008.2,13.8,7.6,35.0,WaggaWagga
70.0,94.0,,,,19.4,0.0,46.0,MountGinini
56.0,65.0,,,1008.1,25.7,1.6,35.0,Tuggeranong
63.0,78.0,7.7,3.0,1020.6,11.8,0.8,33.0,Hobart
58.0,69.0,,8.0,1007.5,20.9,0.0,78.0,Sale
64.0,78.0,,,1014.3,18.0,0.0,54.0,NorahHead
20.0,48.0,11.9,0.0,1011.3,26.0,0.0,56.0,Moree
25.0,55.0,,1.0,,29.6,0.0,,Newcastle
71.0,73.0,11.4,4.0,1017.1,24.2,1.2,39.0,NorfolkIsland
34.0,44.0,,8.0,1012.3,17.1,0.6,56.0,Richmond
7.0,20.0,,,1006.7,38.4,0.0,39.0,Uluru
77.0,83.0,,8.0,1023.4,18.4,0.8,44.0,Wollongong
56.0,77.0,9.4,4.0,1021.5,24.0,0.0,35.0,Williamtown
63.0,80.0,,5.0,1002.4,24.7,0.0,50.0,Williamtown
39.0,52.0,10.8,1.0,1017.1,16.9,0.0,37.0,Williamtown
33.0,49.0,,,,20.2,0.4,26.0,SalmonGums
70.0,73.0,,,1011.2,12.9,1.0,61.0,Albury
28.0,59.0,,,1025.5,19.8,0.0,30.0,Uluru
35.0,46.0,11.6,1.0,1019.7,22.2,0.0,41.0,PerthAirport
42.0,59.0,12.2,3.0,1012.0,32.7,0.0,33.0,Cairns
40.0,52.0,7.0,7.0,1009.7,20.2,34.6,44.0,Melbourne
32.0,62.0,,,1007.4,19.5,0.0,35.0,GoldCoast
44.0,50.0,6.5,3.0,1012.6,14.1,3.2,87.0,Hobart
38.0,66.0,,,1013.5,23.6,0.0,35.0,BadgerysCreek
20.0,51.0,,1.0,1013.8,20.7,0.0,43.0,Cobar
33.0,60.0,7.2,3.0,1016.6,17.9,0.0,30.0,Mildura
,35.0,,,1010.7,,0.0,28.0,Katherine
35.0,57.0,10.9,0.0,1023.7,19.3,0.0,31.0,Nuriootpa
12.0,38.0,,1.0,1005.6,33.7,0.0,,Cobar
80.0,79.0,7.3,,1024.8,9.5,3.8,52.0,Dartmoor
70.0,48.0,,4.0,1008.4,25.2,0.0,78.0,Albury
58.0,66.0,11.0,,1005.4,22.3,0.0,33.0,Melbourne
,,,,,,53.6,54.0,MountGinini
68.0,66.0,8.9,7.0,1007.1,29.1,0.0,35.0,Cairns
61.0,90.0,7.6,3.0,1020.7,19.9,0.0,35.0,MountGambier
49.0,31.0,,,,15.1,0.0,30.0,MountGinini
64.0,68.0,,,1029.5,12.7,0.0,17.0,Adelaide
46.0,59.0,7.3,,1025.1,18.8,0.0,35.0,Adelaide
64.0,77.0,2.7,6.0,1020.7,16.7,1.8,39.0,Watsonia
51.0,58.0,,,1013.5,28.5,0.0,50.0,Witchcliffe
63.0,87.0,2.8,7.0,1018.5,19.9,1.0,26.0,Cobar
22.0,45.0,11.5,0.0,1011.8,30.8,0.0,39.0,AliceSprings
48.0,76.0,,,1016.1,21.1,0.0,48.0,Canberra
52.0,45.0,2.8,8.0,1005.2,28.0,1.4,61.0,Woomera
37.0,63.0,,,1012.6,22.9,0.0,24.0,NorahHead
14.0,53.0,11.4,0.0,1018.5,27.6,0.0,39.0,PerthAirport
37.0,76.0,,,1020.7,23.7,0.0,35.0,Tuggeranong
62.0,77.0,8.7,3.0,1018.3,28.7,1.2,28.0,Brisbane
46.0,80.0,,,1025.9,14.9,0.0,37.0,Nhil
58.0,100.0,4.5,6.0,1003.9,21.5,4.6,56.0,Watsonia
51.0,59.0,10.6,2.0,1014.2,26.5,0.0,33.0,Townsville
29.0,43.0,10.3,4.0,1012.9,31.0,0.0,48.0,PearceRAAF
18.0,42.0,4.2,7.0,1009.8,19.8,0.0,48.0,Mildura
29.0,24.0,13.6,1.0,1010.8,30.3,0.0,46.0,Portland
66.0,71.0,,,1013.7,27.8,0.0,26.0,GoldCoast
56.0,78.0,,,1022.4,23.3,0.0,28.0,Tuggeranong
62.0,96.0,4.1,5.0,1011.3,20.9,1.6,52.0,PerthAirport
61.0,78.0,10.8,5.0,1006.1,32.5,49.2,33.0,Darwin
70.0,74.0,,,1010.3,23.3,0.0,61.0,Wollongong
63.0,95.0,4.3,7.0,1018.7,19.8,26.2,22.0,Perth
82.0,70.0,,,1014.9,15.3,0.0,37.0,BadgerysCreek
23.0,42.0,10.4,1.0,1011.0,26.7,0.0,50.0,AliceSprings
37.0,60.0,7.1,6.0,1012.4,23.7,0.0,59.0,MelbourneAirport
54.0,66.0,11.1,1.0,1009.5,30.6,0.0,43.0,SydneyAirport
45.0,84.0,,4.0,1013.2,19.0,0.0,46.0,Bendigo
12.0,38.0,,7.0,1004.5,39.7,0.0,48.0,Cobar
85.0,,,,,2.2,,41.0,MountGinini
22.0,56.0,,,1016.7,36.5,0.2,24.0,Albury
41.0,46.0,,,1013.4,23.7,0.0,30.0,Witchcliffe
25.0,52.0,,,1020.6,27.4,0.0,31.0,Adelaide
79.0,84.0,,,1000.2,18.7,0.0,52.0,Launceston
62.0,64.0,11.0,2.0,1020.1,24.2,5.0,52.0,NorfolkIsland
25.0,68.0,,,1013.3,29.2,0.2,37.0,Tuggeranong
61.0,69.0,12.3,3.0,1016.2,23.1,0.0,59.0,NorfolkIsland
75.0,82.0,,,1018.7,18.8,0.2,19.0,NorahHead
52.0,90.0,7.5,4.0,1034.4,14.1,1.8,26.0,MelbourneAirport
26.0,51.0,11.5,,1010.4,38.7,0.0,43.0,PearceRAAF
25.0,60.0,,6.0,,35.5,0.0,,Newcastle
50.0,58.0,9.3,,1019.9,9.3,0.4,48.0,Canberra
67.0,64.0,,,1018.6,22.8,0.0,52.0,GoldCoast
53.0,36.0,,7.0,1000.5,16.4,6.2,67.0,Williamtown
68.0,83.0,,5.0,,17.2,0.4,,Newcastle
86.0,97.0,,,1024.4,15.6,0.2,39.0,Nhil
50.0,60.0,8.7,1.0,1009.7,21.9,0.0,37.0,Watsonia
38.0,92.0,7.3,1.0,1010.7,17.0,5.4,76.0,Williamtown
56.0,77.0,,,1016.4,22.9,18.4,35.0,Moree
40.0,54.0,10.2,3.0,1007.1,24.1,0.0,37.0,SydneyAirport
66.0,68.0,10.8,5.0,1011.2,21.6,0.4,54.0,NorfolkIsland
34.0,86.0,,,,18.8,,,SalmonGums
91.0,96.0,0.0,8.0,1015.6,13.7,7.6,41.0,Cobar
51.0,94.0,6.4,4.0,1021.4,16.1,1.0,31.0,WaggaWagga
73.0,84.0,0.9,8.0,1030.0,12.6,0.4,33.0,MountGambier
94.0,94.0,,,1017.4,13.4,2.6,30.0,GoldCoast
92.0,93.0,,,1021.1,23.4,18.4,72.0,NorahHead
87.0,61.0,5.2,7.0,1015.9,16.1,0.0,48.0,PerthAirport
42.0,66.0,,,1010.9,25.0,0.0,35.0,Sale
52.0,66.0,3.3,,1009.9,12.7,1.0,50.0,Hobart
53.0,100.0,,,1016.0,13.7,0.0,11.0,BadgerysCreek
9.0,55.0,8.5,3.0,1009.4,28.0,0.0,54.0,AliceSprings
67.0,86.0,,,1005.3,9.9,0.0,72.0,Ballarat
37.0,59.0,,,1014.4,22.8,0.0,50.0,Tuggeranong
27.0,33.0,,,1017.8,29.4,0.0,41.0,Adelaide
87.0,,,,,4.3,0.2,41.0,MountGinini
38.0,56.0,6.3,7.0,1013.5,20.9,0.0,31.0,MelbourneAirport
25.0,48.0,10.8,,1015.0,33.2,0.0,61.0,Melbourne
53.0,79.0,10.8,3.0,1008.2,21.2,0.0,43.0,Portland
17.0,48.0,13.2,1.0,1013.7,26.3,0.0,43.0,AliceSprings
43.0,89.0,9.6,3.0,1017.9,20.8,0.0,28.0,Portland
67.0,57.0,,,1019.1,19.9,0.0,59.0,Wollongong
52.0,73.0,,,1014.8,24.3,0.0,35.0,Sale
52.0,74.0,5.4,6.0,1031.3,13.2,5.0,37.0,Sale
78.0,73.0,5.6,7.0,1017.9,22.3,0.0,43.0,NorfolkIsland
32.0,93.0,9.7,,1015.2,26.4,0.2,37.0,Portland
97.0,100.0,,,,13.0,0.4,,MountGinini
54.0,57.0,,1.0,,23.5,0.0,,Newcastle
56.0,58.0,10.0,5.0,1012.1,25.3,0.0,44.0,Townsville
68.0,96.0,,,1019.3,10.1,0.0,11.0,Tuggeranong
34.0,49.0,10.1,1.0,1017.1,16.9,0.2,35.0,CoffsHarbour
41.0,54.0,12.4,6.0,1019.9,26.9,0.0,39.0,PerthAirport
79.0,84.0,5.2,,1012.9,18.6,0.6,31.0,Dartmoor
56.0,79.0,9.0,7.0,1031.4,15.3,0.0,17.0,WaggaWagga
46.0,54.0,,,,16.7,0.2,63.0,Penrith
33.0,62.0,10.4,0.0,1032.9,17.7,0.0,,Nuriootpa
65.0,81.0,,,1021.6,17.2,0.0,28.0,Walpole
68.0,71.0,8.8,7.0,1014.3,20.1,4.6,37.0,Perth
56.0,60.0,,,1013.2,19.3,0.0,26.0,GoldCoast
63.0,87.0,,,1019.3,13.3,1.2,35.0,Walpole
47.0,63.0,11.2,3.0,1026.0,15.9,1.4,39.0,Portland
80.0,68.0,,,1018.3,23.1,0.0,39.0,Wollongong
60.0,68.0,8.2,7.0,1024.5,19.2,0.0,35.0,Sydney
48.0,62.0,9.8,2.0,1007.4,31.9,0.0,37.0,Darwin
59.0,65.0,,,1019.2,20.6,0.0,61.0,Ballarat
41.0,77.0,,,1017.5,22.9,0.0,39.0,Tuggeranong
48.0,65.0,6.6,8.0,1025.0,16.4,0.0,26.0,Mildura
42.0,48.0,5.5,,1015.8,21.5,,35.0,PearceRAAF
36.0,41.0,11.3,2.0,1012.1,20.2,1.2,59.0,Hobart
,,,,1020.7,20.8,0.0,39.0,Woomera
54.0,58.0,10.1,1.0,1013.1,20.6,0.0,30.0,NorfolkIsland
59.0,62.0,,,1015.4,24.4,0.0,37.0,Wollongong
24.0,41.0,,1.0,1020.1,19.5,0.0,44.0,Moree
62.0,79.0,,3.0,1004.2,26.1,,31.0,Williamtown
41.0,59.0,,,1032.4,14.5,0.0,41.0,Launceston
58.0,89.0,5.8,6.0,1018.3,15.2,7.2,22.0,PerthAirport
47.0,44.0,,0.0,1009.4,35.0,0.0,30.0,Katherine
29.0,70.0,,,1014.1,30.4,0.0,33.0,Albury
20.0,39.0,10.6,2.0,1017.7,19.8,0.0,48.0,AliceSprings
59.0,89.0,9.8,1.0,1020.9,17.9,0.0,22.0,Williamtown
31.0,57.0,9.9,4.0,1017.9,18.9,0.0,46.0,Williamtown
22.0,39.0,13.1,1.0,1014.5,31.1,0.0,41.0,Nuriootpa
72.0,89.0,,2.0,1021.1,11.0,0.6,43.0,Sale
42.0,82.0,,,,19.2,0.2,24.0,Penrith
56.0,71.0,9.7,1.0,1012.4,20.0,32.8,33.0,Sydney
38.0,44.0,10.9,6.0,1004.3,17.4,0.0,52.0,Hobart
43.0,54.0,,,1019.6,18.5,0.0,28.0,Adelaide
96.0,98.0,,,,15.0,0.0,35.0,MountGinini
53.0,74.0,10.5,3.0,1021.4,24.8,0.0,44.0,PearceRAAF
20.0,79.0,10.7,4.0,1012.9,33.1,0.0,31.0,Watsonia
45.0,63.0,7.7,7.0,1009.6,23.3,1.4,69.0,PerthAirport
66.0,67.0,8.7,2.0,1006.1,33.3,0.0,26.0,Cairns
74.0,99.0,,,1026.0,15.7,3.8,39.0,Witchcliffe
80.0,98.0,2.5,,1014.4,13.0,18.6,41.0,Dartmoor
72.0,67.0,,,1010.6,28.0,0.0,50.0,CoffsHarbour
49.0,62.0,4.7,7.0,1007.7,26.0,0.0,33.0,AliceSprings
51.0,68.0,11.3,5.0,1018.2,15.3,19.4,65.0,Portland
13.0,41.0,11.3,0.0,1012.0,32.9,0.0,31.0,Mildura
56.0,70.0,5.3,,1006.4,16.8,8.6,54.0,PearceRAAF
33.0,62.0,3.5,7.0,1014.8,20.3,0.0,54.0,Mildura
10.0,15.0,,0.0,1003.7,36.5,0.0,46.0,Cobar
7.0,29.0,10.9,1.0,1005.2,38.1,0.0,56.0,PerthAirport
84.0,84.0,,8.0,1023.9,23.0,18.8,70.0,Wollongong
58.0,81.0,,,1016.9,15.9,0.0,17.0,Tuggeranong
78.0,91.0,,8.0,1023.6,17.6,0.2,35.0,Portland
25.0,45.0,,5.0,1015.7,21.6,0.0,37.0,Bendigo
98.0,98.0,,,,4.1,0.0,54.0,MountGinini
17.0,31.0,,8.0,1005.5,31.5,0.0,56.0,Bendigo
19.0,56.0,,0.0,1011.2,21.9,0.0,72.0,Woomera
64.0,75.0,5.1,6.0,1012.7,21.4,0.0,69.0,SydneyAirport
13.0,17.0,10.2,,1008.0,37.6,0.0,44.0,PearceRAAF
81.0,91.0,0.6,8.0,1016.5,17.1,3.0,22.0,SydneyAirport
27.0,73.0,,2.0,1008.3,28.2,0.4,54.0,Canberra
16.0,67.0,,,1013.8,30.7,0.0,35.0,Ballarat
33.0,57.0,9.5,1.0,1021.7,23.6,0.0,20.0,Perth
15.0,48.0,12.4,0.0,1018.3,32.1,0.0,37.0,Mildura
20.0,41.0,10.7,5.0,1023.1,25.9,0.0,28.0,Mildura
53.0,93.0,1.8,6.0,1027.9,15.4,1.2,35.0,MelbourneAirport
,54.0,,,1008.3,,0.0,37.0,Katherine
64.0,38.0,3.6,,1024.5,17.0,0.0,46.0,Nuriootpa
55.0,56.0,,,1014.7,27.0,0.0,44.0,GoldCoast
56.0,80.0,,,,17.5,0.0,57.0,MountGinini
11.0,9.0,10.6,5.0,1007.0,40.0,0.0,43.0,AliceSprings
72.0,73.0,12.7,3.0,1012.7,25.3,5.2,26.0,NorfolkIsland
27.0,57.0,0.5,8.0,1016.3,24.4,0.0,28.0,Nuriootpa
10.0,34.0,,,1013.2,30.8,0.0,31.0,Nhil
18.0,35.0,11.9,4.0,1011.9,31.9,0.0,56.0,PerthAirport
54.0,93.0,6.4,6.0,1027.5,12.7,0.0,22.0,Watsonia
65.0,16.0,,,1015.3,35.1,0.0,46.0,Adelaide
32.0,25.0,,,1010.1,30.0,0.0,44.0,AliceSprings
59.0,97.0,7.2,3.0,1018.7,13.0,5.0,44.0,Nuriootpa
37.0,55.0,9.8,1.0,1030.9,15.8,0.0,43.0,Williamtown
51.0,77.0,,2.0,1008.6,21.2,2.2,56.0,Moree
58.0,56.0,,,1009.9,20.4,0.0,43.0,Walpole
49.0,85.0,,,1014.4,19.6,0.0,30.0,Launceston
55.0,79.0,5.7,5.0,1025.6,22.0,0.0,28.0,SydneyAirport
49.0,68.0,10.6,7.0,1018.5,15.4,2.8,50.0,Canberra
51.0,83.0,,,1009.8,26.4,5.0,43.0,Ballarat
23.0,47.0,,3.0,1009.2,36.5,0.0,48.0,Cobar
91.0,51.0,,8.0,1023.0,16.5,1.4,59.0,CoffsHarbour
50.0,57.0,12.2,1.0,1012.5,30.6,0.0,39.0,Townsville
57.0,60.0,,,1008.6,23.7,0.0,44.0,NorahHead
40.0,57.0,,,,25.3,0.0,28.0,Penrith
48.0,57.0,12.2,2.0,1017.4,27.4,0.0,54.0,SydneyAirport
68.0,72.0,,,1027.6,18.8,0.0,22.0,Wollongong
54.0,99.0,,,1023.7,15.4,0.0,,Sale
46.0,66.0,,,,27.7,0.0,30.0,Penrith
32.0,55.0,7.0,,1009.2,16.1,0.0,,Canberra
45.0,60.0,,,1009.8,15.9,6.4,72.0,Launceston
46.0,99.0,7.6,1.0,1022.6,17.9,0.6,56.0,Moree
71.0,90.0,7.1,,1021.9,11.4,2.2,39.0,Dartmoor
84.0,100.0,,8.0,1018.1,10.8,2.6,39.0,Ballarat
56.0,84.0,,5.0,1022.8,15.1,0.2,35.0,Cobar
64.0,70.0,11.0,5.0,1013.3,27.3,0.0,56.0,CoffsHarbour
84.0,83.0,1.0,6.0,1030.0,16.4,20.4,39.0,CoffsHarbour
23.0,57.0,12.0,2.0,1016.4,29.1,0.0,54.0,Nuriootpa
55.0,86.0,3.9,7.0,1008.4,23.1,5.8,37.0,Sydney
73.0,84.0,9.9,1.0,1014.9,22.4,0.0,,Albany
58.0,63.0,,,1021.1,23.8,0.0,39.0,NorahHead
62.0,66.0,6.2,6.0,1009.9,13.6,1.2,54.0,Sale
99.0,80.0,,,1015.0,24.5,21.2,,GoldCoast
74.0,84.0,,,1014.8,15.4,0.0,44.0,Dartmoor
33.0,45.0,8.4,6.0,1017.1,18.9,0.0,,Sydney
51.0,83.0,7.1,6.0,1008.6,34.1,4.8,59.0,Darwin
71.0,100.0,,,1024.7,17.4,11.4,26.0,Albury
37.0,55.0,,,,24.5,0.0,35.0,SalmonGums
24.0,64.0,,,1011.3,27.7,0.0,41.0,Tuggeranong
65.0,92.0,0.0,8.0,1015.2,21.0,56.6,37.0,Brisbane
62.0,83.0,3.4,6.0,1026.8,18.8,1.6,28.0,SydneyAirport
69.0,83.0,9.5,7.0,1006.1,27.9,0.0,33.0,SydneyAirport
33.0,50.0,10.0,,1017.6,16.2,0.0,52.0,Sydney
22.0,36.0,11.1,5.0,1012.8,29.3,0.0,39.0,Darwin
60.0,68.0,0.3,7.0,1020.7,14.1,0.0,24.0,MountGambier
30.0,74.0,9.8,5.0,1003.1,24.4,0.0,65.0,Mildura
58.0,88.0,4.8,5.0,1021.7,18.1,3.2,35.0,PearceRAAF
74.0,84.0,,8.0,1019.9,20.0,0.8,39.0,Wollongong
37.0,60.0,3.0,7.0,1025.7,23.5,0.0,37.0,Moree
41.0,91.0,,,1015.4,19.7,0.0,30.0,Richmond
89.0,62.0,,,1025.4,12.9,0.0,43.0,Richmond
36.0,71.0,,,1020.6,23.9,0.0,26.0,Bendigo
60.0,57.0,10.3,6.0,1015.3,25.2,0.0,35.0,Townsville
54.0,59.0,10.4,2.0,1012.5,19.2,24.0,39.0,NorfolkIsland
94.0,92.0,,7.0,1007.5,16.8,21.4,61.0,NorfolkIsland
75.0,82.0,,,1024.8,19.0,0.2,22.0,NorahHead
12.0,35.0,,1.0,1006.4,44.5,0.0,54.0,Woomera
54.0,74.0,10.4,2.0,1014.9,21.9,0.6,43.0,SydneyAirport
9.0,37.0,11.4,2.0,1018.9,35.7,0.0,28.0,Mildura
20.0,83.0,4.4,,1013.8,36.1,0.0,31.0,Dartmoor
51.0,61.0,6.0,6.0,1015.2,21.7,0.0,41.0,PearceRAAF
62.0,69.0,11.6,2.0,1010.7,19.8,0.0,,Albany
59.0,81.0,,3.0,1017.3,24.2,3.0,30.0,Canberra
33.0,62.0,,1.0,1018.8,16.0,0.0,35.0,Williamtown
76.0,94.0,3.1,4.0,1012.9,16.9,13.6,37.0,MountGambier
62.0,56.0,6.1,,1023.2,20.1,0.0,37.0,Sydney
66.0,98.0,,,,26.1,1.0,30.0,Penrith
93.0,73.0,2.5,8.0,1003.7,13.4,0.4,57.0,Williamtown
77.0,97.0,4.1,7.0,1028.9,14.4,4.6,,Albany
63.0,61.0,,,1027.0,17.5,0.0,28.0,NorahHead
48.0,69.0,7.0,5.0,1014.3,26.4,0.0,41.0,PerthAirport
89.0,91.0,,8.0,1013.7,22.0,5.0,35.0,Wollongong
70.0,97.0,,,,24.0,0.2,13.0,Penrith
43.0,69.0,9.0,1.0,1022.1,13.7,0.0,20.0,Canberra
79.0,74.0,4.2,7.0,1023.5,16.5,0.0,50.0,SydneyAirport
61.0,62.0,,8.0,1016.7,25.2,0.2,46.0,Cairns
46.0,76.0,9.6,1.0,1031.5,19.4,0.0,37.0,MelbourneAirport
62.0,100.0,,,1021.6,18.2,0.2,19.0,Witchcliffe
56.0,80.0,5.8,7.0,1017.3,14.0,,41.0,PearceRAAF
32.0,56.0,,5.0,,18.2,0.1,,Newcastle
43.0,68.0,,,1020.7,16.0,0.0,28.0,Canberra
18.0,35.0,,,1015.8,32.0,0.0,43.0,Uluru
37.0,66.0,,,1026.4,21.8,0.0,31.0,Richmond
55.0,64.0,,4.0,,22.4,0.0,,Newcastle
22.0,45.0,13.3,0.0,1015.4,28.3,0.0,37.0,PearceRAAF
47.0,65.0,8.3,5.0,1016.7,20.7,0.0,70.0,MelbourneAirport
36.0,80.0,9.7,3.0,1008.4,25.7,3.6,39.0,Canberra
52.0,56.0,11.0,,1016.9,27.9,0.0,35.0,Adelaide
23.0,62.0,,,1018.4,26.5,0.0,35.0,Nhil
58.0,58.0,10.1,6.0,1016.9,13.9,4.4,,Albany
39.0,50.0,10.7,,1024.6,17.0,4.8,54.0,Melbourne
12.0,47.0,13.6,1.0,1013.3,35.0,0.0,44.0,WaggaWagga
54.0,71.0,7.5,6.0,1014.1,27.5,0.0,61.0,PerthAirport
49.0,81.0,,,1026.9,17.5,0.0,26.0,Walpole
,52.0,,0.0,1013.3,31.0,0.0,48.0,Katherine
69.0,65.0,,,1002.6,27.6,0.0,50.0,GoldCoast
32.0,59.0,12.5,0.0,1006.9,29.7,0.0,43.0,Mildura
,69.0,,,1005.9,,0.0,41.0,Katherine
74.0,62.0,,,1015.5,15.1,0.0,43.0,Witchcliffe
43.0,63.0,8.5,1.0,1012.2,17.2,0.0,39.0,Williamtown
55.0,72.0,,,1028.9,17.0,20.4,37.0,BadgerysCreek
55.0,90.0,,,1022.5,14.4,0.0,31.0,Adelaide
92.0,100.0,,,1016.1,17.7,11.6,26.0,NorahHead
45.0,72.0,,,1007.6,20.8,0.0,33.0,GoldCoast
50.0,84.0,,,1020.5,20.7,0.4,33.0,Nhil
45.0,53.0,8.7,7.0,1009.8,17.8,0.4,35.0,Melbourne
22.0,62.0,,,1018.1,25.4,0.0,26.0,Moree
56.0,63.0,10.7,2.0,1009.3,31.8,0.2,35.0,Cairns
60.0,66.0,7.3,6.0,1010.3,27.3,0.0,26.0,Brisbane
98.0,84.0,0.0,8.0,1006.4,14.8,1.0,50.0,MelbourneAirport
30.0,61.0,9.5,1.0,1015.7,22.8,0.0,46.0,WaggaWagga
56.0,71.0,,,1018.0,29.0,0.0,50.0,GoldCoast
13.0,37.0,10.5,,1014.9,22.9,0.0,41.0,AliceSprings
34.0,96.0,10.7,6.0,1017.1,26.5,0.0,37.0,Portland
48.0,64.0,,5.0,1000.0,28.2,0.0,44.0,Albury
59.0,89.0,6.6,3.0,1016.7,17.2,0.8,54.0,MountGambier
76.0,73.0,,,1015.6,22.1,0.0,33.0,Wollongong
62.0,86.0,,,1027.5,11.6,0.0,15.0,Albury
13.0,33.0,,2.0,1017.2,23.8,0.0,37.0,Cobar
41.0,93.0,,1.0,,24.5,0.4,,Newcastle
36.0,52.0,10.3,1.0,1013.9,20.7,0.0,35.0,Sydney
57.0,57.0,4.2,7.0,1023.7,12.5,0.0,30.0,Watsonia
44.0,57.0,,,1023.8,17.2,0.0,24.0,Bendigo
71.0,82.0,2.4,,1006.0,13.2,3.6,33.0,Adelaide
9.0,26.0,,1.0,1012.6,27.5,0.0,35.0,Cobar
33.0,47.0,,,,18.0,0.0,69.0,Penrith
70.0,91.0,,,1018.7,13.0,1.4,43.0,Nhil
71.0,59.0,8.9,7.0,1008.4,21.7,0.0,35.0,Perth
30.0,75.0,9.9,0.0,1010.3,24.7,0.0,39.0,Mildura
92.0,77.0,0.0,8.0,1019.0,10.4,0.0,33.0,WaggaWagga
37.0,46.0,13.1,0.0,1010.0,26.3,0.0,44.0,PerthAirport
89.0,79.0,,,1027.1,17.5,1.0,48.0,NorahHead
74.0,63.0,,,,19.8,0.0,59.0,Penrith
63.0,63.0,7.9,5.0,1027.5,17.2,1.8,,Albany
37.0,52.0,10.8,1.0,1019.8,19.6,0.0,28.0,Sydney
42.0,66.0,10.4,1.0,1017.7,26.3,0.8,50.0,Cairns
51.0,48.0,,,1016.8,24.7,0.0,43.0,GoldCoast
52.0,62.0,,,1016.9,17.9,0.6,41.0,Walpole
45.0,56.0,12.5,7.0,1013.0,23.9,0.0,46.0,Canberra
18.0,52.0,,2.0,1012.6,34.3,0.0,35.0,Cobar
55.0,78.0,3.1,6.0,1016.6,18.9,0.0,31.0,Cobar
60.0,78.0,6.7,6.0,1028.3,10.2,0.0,28.0,Hobart
67.0,89.0,,,,17.3,2.0,56.0,SalmonGums
47.0,100.0,,,1018.0,15.4,0.0,13.0,BadgerysCreek
48.0,87.0,,,1020.8,18.7,17.4,17.0,WaggaWagga
36.0,60.0,,,1019.7,22.6,0.0,30.0,BadgerysCreek
48.0,77.0,5.5,7.0,1016.3,14.5,0.2,50.0,Hobart
60.0,74.0,9.7,4.0,1009.3,29.7,0.0,30.0,Darwin
42.0,79.0,8.4,7.0,1008.8,31.5,9.6,37.0,AliceSprings
25.0,56.0,,4.0,1004.9,38.7,6.2,30.0,Uluru
52.0,72.0,9.0,2.0,1015.3,21.8,0.2,24.0,Brisbane
,,,,1011.8,20.5,0.0,54.0,Witchcliffe
71.0,73.0,,,,20.1,22.4,37.0,Penrith
24.0,56.0,,,1022.5,18.7,0.0,54.0,Uluru
74.0,69.0,,,1012.7,18.0,0.0,39.0,Wollongong
36.0,72.0,10.8,1.0,1026.4,20.3,0.0,31.0,MountGambier
77.0,80.0,,,1012.4,29.0,0.1,33.0,CoffsHarbour
74.0,98.0,1.5,6.0,1014.7,14.9,8.4,26.0,Mildura
44.0,45.0,11.2,3.0,1005.6,23.3,0.0,43.0,SydneyAirport
62.0,93.0,,,,18.2,0.0,31.0,Penrith
10.0,36.0,13.3,,1014.2,34.7,0.0,52.0,PearceRAAF
41.0,57.0,2.4,7.0,1019.0,18.5,0.0,33.0,Melbourne
,,,8.0,1015.9,,1.2,31.0,Wollongong
50.0,84.0,8.7,4.0,1021.8,22.9,0.0,,Sale
58.0,71.0,9.5,1.0,1010.0,24.4,182.6,19.0,Brisbane
29.0,64.0,13.3,1.0,1009.4,24.2,0.0,46.0,Canberra
34.0,63.0,11.9,,1024.1,23.7,0.0,48.0,Melbourne
40.0,59.0,9.4,,1024.6,22.1,0.0,37.0,PearceRAAF
31.0,54.0,,2.0,1012.0,25.0,1.4,48.0,Cobar
40.0,70.0,11.5,2.0,1005.1,25.2,0.0,48.0,Canberra
,81.0,,,1021.6,,0.0,,Albany
61.0,78.0,8.5,5.0,1008.1,20.9,0.0,30.0,Perth
58.0,68.0,,8.0,1029.1,10.8,0.0,24.0,MountGambier
56.0,72.0,,,,13.2,5.8,,SalmonGums
55.0,83.0,10.1,7.0,1018.6,25.6,1.4,31.0,Canberra
58.0,72.0,,6.0,1021.4,13.0,0.0,57.0,Ballarat
39.0,66.0,,8.0,1012.3,25.5,0.0,39.0,Bendigo
37.0,50.0,,,1032.6,19.4,0.0,52.0,Launceston
68.0,99.0,5.8,,1014.5,10.5,23.6,43.0,Dartmoor
13.0,17.0,10.8,2.0,1016.3,30.7,0.0,52.0,AliceSprings
89.0,76.0,0.3,8.0,1024.2,12.1,0.6,44.0,Hobart
49.0,91.0,11.6,1.0,1009.8,25.3,0.2,33.0,MountGambier
58.0,93.0,,,1015.8,24.8,82.4,24.0,BadgerysCreek
74.0,73.0,10.9,5.0,1008.2,28.5,0.0,35.0,Darwin
97.0,71.0,,,1003.4,12.5,0.2,63.0,Walpole
23.0,66.0,,,1011.3,31.6,0.0,43.0,Tuggeranong
36.0,67.0,,1.0,1008.6,23.5,0.0,48.0,Albury
58.0,59.0,10.6,1.0,1017.9,24.7,0.0,37.0,Townsville
56.0,100.0,8.0,2.0,1025.5,13.1,0.2,20.0,Watsonia
70.0,99.0,,,1023.2,18.5,17.4,20.0,Walpole
53.0,57.0,6.2,6.0,1021.8,16.6,0.0,44.0,Hobart
41.0,87.0,8.4,7.0,1010.4,29.0,0.0,30.0,Darwin
17.0,50.0,10.7,2.0,1012.9,27.6,0.0,37.0,Mildura
50.0,60.0,8.2,6.0,1015.7,20.7,0.2,59.0,Sale
54.0,65.0,8.3,5.0,1007.3,13.0,3.2,96.0,MelbourneAirport
36.0,46.0,,,1017.3,14.4,0.8,33.0,Tuggeranong
73.0,62.0,4.8,7.0,1005.5,26.5,0.0,59.0,SydneyAirport
35.0,70.0,11.3,5.0,1012.4,28.7,0.0,35.0,Canberra
71.0,60.0,6.6,7.0,1006.9,21.3,0.0,,Albany
4.0,8.0,,,1016.0,29.0,0.0,39.0,AliceSprings
42.0,84.0,,,1017.3,27.7,0.2,30.0,Richmond
90.0,90.0,0.0,8.0,1011.6,22.0,9.8,39.0,WaggaWagga
28.0,50.0,,1.0,,22.8,0.0,,Newcastle
27.0,48.0,,1.0,1018.3,20.6,0.0,33.0,Cobar
59.0,79.0,12.5,,1005.7,25.8,31.6,41.0,Sydney
53.0,85.0,,5.0,1002.3,34.8,0.4,46.0,Katherine
49.0,78.0,9.6,1.0,1016.4,16.8,3.4,44.0,Canberra
43.0,75.0,,6.0,1009.1,32.5,0.0,43.0,Katherine
87.0,97.0,,,1006.4,26.3,14.8,39.0,NorahHead
38.0,60.0,,0.0,,21.6,0.0,,Newcastle
69.0,82.0,7.9,3.0,1014.1,22.6,11.6,48.0,Williamtown
20.0,62.0,,,1006.7,31.0,0.0,63.0,GoldCoast
57.0,83.0,5.7,7.0,1017.2,24.1,0.6,41.0,Cairns
,,,8.0,1015.1,14.2,0.0,65.0,Sale
12.0,25.0,,,1008.1,34.4,0.0,57.0,Woomera
50.0,91.0,8.9,3.0,1009.4,28.7,25.4,61.0,WaggaWagga
25.0,59.0,,,1004.4,22.9,0.0,31.0,Launceston
37.0,82.0,,,,21.2,0.0,20.0,Launceston
17.0,57.0,,0.0,1008.2,37.9,0.0,43.0,Katherine
45.0,54.0,10.1,2.0,1014.1,12.9,0.0,30.0,MelbourneAirport
66.0,82.0,,,1021.3,17.5,1.0,31.0,Walpole
22.0,60.0,12.0,1.0,1010.9,32.3,0.0,44.0,Woomera
31.0,69.0,,,,28.5,0.0,,SalmonGums
66.0,43.0,,,1014.0,24.1,0.0,57.0,GoldCoast
57.0,61.0,10.1,7.0,1012.5,24.4,0.0,56.0,CoffsHarbour
99.0,94.0,,,1010.1,16.4,14.8,74.0,GoldCoast
50.0,54.0,9.7,2.0,1028.9,17.5,11.8,61.0,SydneyAirport
58.0,64.0,4.3,6.0,1012.4,20.3,2.8,41.0,Perth
39.0,61.0,9.9,0.0,1013.8,20.5,0.0,30.0,PerthAirport
60.0,72.0,,,1008.9,25.9,0.0,31.0,Walpole
52.0,70.0,11.6,1.0,1005.2,33.8,1.8,31.0,Darwin
80.0,82.0,0.0,7.0,1015.8,22.0,0.0,,Albany
65.0,76.0,2.6,7.0,1019.1,22.6,0.0,33.0,NorfolkIsland
53.0,83.0,10.2,6.0,1021.2,16.3,0.4,37.0,Nuriootpa
50.0,85.0,10.4,,1020.7,22.7,0.0,52.0,Dartmoor
70.0,78.0,12.5,5.0,1015.8,20.9,0.0,61.0,SydneyAirport
46.0,88.0,,,1023.4,17.1,1.2,39.0,Tuggeranong
85.0,78.0,6.2,7.0,1019.2,13.5,12.4,,Albany
93.0,81.0,,,998.5,15.5,1.8,70.0,Witchcliffe
96.0,96.0,,,,2.1,5.2,98.0,MountGinini
47.0,63.0,,,,24.4,0.0,31.0,Penrith
49.0,91.0,,,1011.2,17.6,1.4,39.0,NorahHead
54.0,68.0,,,1009.4,15.6,0.2,46.0,Walpole
63.0,82.0,,,1016.2,17.4,24.6,41.0,Witchcliffe
25.0,39.0,,,1012.9,26.3,0.0,72.0,Tuggeranong
46.0,53.0,,2.0,1013.4,13.3,1.0,46.0,Canberra
56.0,81.0,7.3,7.0,1007.0,32.7,0.2,31.0,Darwin
40.0,57.0,0.0,,1011.6,29.6,0.0,57.0,PearceRAAF
14.0,37.0,,,,35.1,0.0,41.0,SalmonGums
62.0,41.0,,,,2.0,0.0,50.0,MountGinini
45.0,59.0,10.9,2.0,1017.1,27.6,0.0,31.0,Brisbane
14.0,26.0,,,1011.3,36.1,0.0,54.0,AliceSprings
39.0,66.0,1.7,8.0,1008.3,28.4,0.0,28.0,Mildura
61.0,86.0,,,1016.0,20.2,5.2,48.0,Witchcliffe
50.0,51.0,,,1009.8,19.5,0.6,31.0,Walpole
73.0,73.0,,8.0,,15.0,0.8,,Newcastle
65.0,63.0,,,1007.2,29.1,0.0,70.0,GoldCoast
37.0,68.0,,1.0,,30.5,0.0,44.0,Launceston
15.0,32.0,8.8,7.0,1011.5,31.1,0.0,46.0,Woomera
71.0,80.0,,8.0,1024.1,9.1,0.8,35.0,Ballarat
59.0,93.0,,,1013.5,27.2,0.0,31.0,Sale
67.0,88.0,,8.0,1013.2,26.9,10.6,31.0,Albury
72.0,82.0,2.4,,1014.4,11.4,0.0,50.0,Dartmoor
48.0,59.0,,,1017.1,22.5,0.2,43.0,Witchcliffe
30.0,86.0,,,1020.1,23.3,,39.0,Nhil
52.0,83.0,8.6,2.0,1025.8,19.8,0.0,26.0,PerthAirport
53.0,70.0,,,,20.5,0.0,35.0,SalmonGums
79.0,86.0,,,1016.9,23.8,0.0,19.0,Wollongong
51.0,63.0,,6.0,1012.4,15.0,0.0,30.0,Bendigo
65.0,79.0,,,1007.7,28.5,0.0,46.0,NorahHead
27.0,63.0,12.3,0.0,1018.8,27.4,0.0,44.0,Watsonia
41.0,62.0,9.8,1.0,1014.5,30.0,0.0,63.0,PearceRAAF
,100.0,,8.0,1024.3,,,28.0,Richmond
21.0,30.0,13.0,0.0,1010.6,31.7,0.0,67.0,PearceRAAF
63.0,68.0,,,1015.2,18.4,0.0,39.0,Witchcliffe
54.0,52.0,,5.0,,13.2,0.1,,Newcastle
12.0,29.0,,,1014.1,40.5,0.0,46.0,Woomera
51.0,68.0,12.9,,1024.6,19.1,0.0,44.0,Dartmoor
81.0,90.0,2.8,8.0,1007.5,10.7,6.4,,Albany
77.0,75.0,9.1,5.0,1013.4,26.1,0.0,26.0,CoffsHarbour
37.0,40.0,,,1009.7,29.8,0.0,33.0,Townsville
47.0,55.0,,,1018.4,15.4,0.0,30.0,NorahHead
21.0,37.0,,2.0,1016.2,25.7,0.0,26.0,Cobar
65.0,98.0,,,,16.9,0.0,35.0,MountGinini
57.0,80.0,9.7,1.0,1025.2,14.1,0.0,35.0,Woomera
42.0,53.0,,,1009.1,18.7,7.6,61.0,Tuggeranong
23.0,74.0,,,,34.9,1.2,35.0,SalmonGums
12.0,23.0,,,1008.3,38.9,0.0,43.0,Woomera
41.0,72.0,,,1007.6,27.0,1.2,46.0,Tuggeranong
61.0,66.0,,,1015.8,25.1,0.0,28.0,Walpole
39.0,92.0,,,,20.7,1.4,30.0,Penrith
68.0,77.0,7.3,6.0,1008.2,30.5,12.8,28.0,Cairns
59.0,83.0,,8.0,1021.2,19.1,1.8,30.0,Moree
36.0,68.0,13.6,,1019.2,25.1,0.0,39.0,Dartmoor
21.0,46.0,,,1017.0,35.9,0.0,33.0,Adelaide
34.0,58.0,11.0,3.0,1008.8,36.0,0.0,74.0,Moree
67.0,97.0,3.1,6.0,1018.1,15.1,18.8,48.0,Williamtown
98.0,95.0,0.0,8.0,1018.9,17.7,10.6,20.0,SydneyAirport
9.0,18.0,13.2,3.0,1012.2,36.3,0.0,35.0,Perth
84.0,99.0,,,1004.8,18.5,2.2,57.0,Witchcliffe
48.0,73.0,,,1007.9,19.4,0.0,35.0,Nhil
52.0,89.0,2.3,,1035.2,17.9,0.0,48.0,Dartmoor
74.0,75.0,,3.0,1015.9,21.5,0.0,35.0,Wollongong
21.0,61.0,10.9,2.0,1018.5,22.7,0.0,56.0,WaggaWagga
90.0,82.0,0.2,8.0,1014.1,16.3,22.6,41.0,Canberra
49.0,63.0,4.0,6.0,1013.3,23.5,1.2,39.0,PerthAirport
